Benchmark,Root Struct,Mode,Result,Time Seconds,Message
AveragePooling2D_stride_test,AveragePooling2D_2,verify,timeout,120.127979,timeout
AveragePooling2D_stride_test,AveragePooling2D_2,wp,error,0.558024,"LLVM ERROR: unknown subcomponent type
 #0 0x0000000100635a74 llvm::sys::PrintStackTrace(llvm::raw_ostream&, int) (/Users/raghav/Veridise/LLEQ/build/tools/lleq/lleq+0x100591a74)
 #1 0x0000000100633584 llvm::sys::RunSignalHandlers() (/Users/raghav/Veridise/LLEQ/build/tools/lleq/lleq+0x10058f584)
 #2 0x000000010063665c SignalHandler(int) (/Users/raghav/Veridise/LLEQ/build/tools/lleq/lleq+0x10059265c)
 #3 0x000000018e127744 (/usr/lib/system/libsystem_platform.dylib+0x1804fb744)
 #4 0x000000018e11d8d"
AveragePooling2D_test,AveragePooling2D_2,verify,timeout,120.120652,timeout
AveragePooling2D_test,AveragePooling2D_2,wp,error,0.606466,"LLVM ERROR: unknown subcomponent type
 #0 0x0000000102819a74 llvm::sys::PrintStackTrace(llvm::raw_ostream&, int) (/Users/raghav/Veridise/LLEQ/build/tools/lleq/lleq+0x100591a74)
 #1 0x0000000102817584 llvm::sys::RunSignalHandlers() (/Users/raghav/Veridise/LLEQ/build/tools/lleq/lleq+0x10058f584)
 #2 0x000000010281a65c SignalHandler(int) (/Users/raghav/Veridise/LLEQ/build/tools/lleq/lleq+0x10059265c)
 #3 0x000000018e127744 (/usr/lib/system/libsystem_platform.dylib+0x1804fb744)
 #4 0x000000018e11d8d"
BatchNormalization_test,BatchNormalization2D_0,verify,verified,106.799756,
BatchNormalization_test,BatchNormalization2D_0,wp,counterexample,0.313968,sat
Conv1D_test,Conv1D_3,verify,timeout,120.097787,timeout
Conv1D_test,Conv1D_3,wp,error,0.593150,"LLVM ERROR: arbitrary function calls not supported yet
 #0 0x0000000102e89a74 llvm::sys::PrintStackTrace(llvm::raw_ostream&, int) (/Users/raghav/Veridise/LLEQ/build/tools/lleq/lleq+0x100591a74)
 #1 0x0000000102e87584 llvm::sys::RunSignalHandlers() (/Users/raghav/Veridise/LLEQ/build/tools/lleq/lleq+0x10058f584)
 #2 0x0000000102e8a65c SignalHandler(int) (/Users/raghav/Veridise/LLEQ/build/tools/lleq/lleq+0x10059265c)
 #3 0x000000018e127744 (/usr/lib/system/libsystem_platform.dylib+0x1804fb744)
 #4 "
Conv2D_stride_test,Conv2D_3,verify,timeout,120.104635,timeout
Conv2D_stride_test,Conv2D_3,wp,error,0.752514,"LLVM ERROR: arbitrary function calls not supported yet
 #0 0x0000000104bbda74 llvm::sys::PrintStackTrace(llvm::raw_ostream&, int) (/Users/raghav/Veridise/LLEQ/build/tools/lleq/lleq+0x100591a74)
 #1 0x0000000104bbb584 llvm::sys::RunSignalHandlers() (/Users/raghav/Veridise/LLEQ/build/tools/lleq/lleq+0x10058f584)
 #2 0x0000000104bbe65c SignalHandler(int) (/Users/raghav/Veridise/LLEQ/build/tools/lleq/lleq+0x10059265c)
 #3 0x000000018e127744 (/usr/lib/system/libsystem_platform.dylib+0x1804fb744)
 #4 "
Conv2D_test,Conv2D_3,verify,timeout,120.106029,timeout
Conv2D_test,Conv2D_3,wp,error,0.745842,"LLVM ERROR: arbitrary function calls not supported yet
 #0 0x0000000100875a74 llvm::sys::PrintStackTrace(llvm::raw_ostream&, int) (/Users/raghav/Veridise/LLEQ/build/tools/lleq/lleq+0x100591a74)
 #1 0x0000000100873584 llvm::sys::RunSignalHandlers() (/Users/raghav/Veridise/LLEQ/build/tools/lleq/lleq+0x10058f584)
 #2 0x000000010087665c SignalHandler(int) (/Users/raghav/Veridise/LLEQ/build/tools/lleq/lleq+0x10059265c)
 #3 0x000000018e127744 (/usr/lib/system/libsystem_platform.dylib+0x1804fb744)
 #4 "
DecomposeProduct,DecomposeProduct_1,verify,error,1.090924,"error: loc(""/Users/raghav/Veridise/LLEQ/examples/circom-examples/DecomposeProduct.llzk"":53:24):failed to legalize operation 'builtin.unrealized_conversion_cast'
note: loc(""/Users/raghav/Veridise/LLEQ/examples/circom-examples/DecomposeProduct.llzk"":53:24):see current operation: %27 = ""builtin.unrealized_conversion_cast""(%26) : (i1) -> !smt.bool
LLVM ERROR: failed to prepare module for verification
 #0 0x0000000101185a74 llvm::sys::PrintStackTrace(llvm::raw_ostream&, int) (/Users/raghav/Veridise/L"
DecomposeProduct,DecomposeProduct_1,wp,timeout,120.066071,timeout
Dense_test,Dense_3,verify,error,3.405989,"warning: loc(""/Users/raghav/Veridise/LLEQ/examples/circom-examples/Dense_test.llzk"":15:11):unhandled operation, analysis may be incomplete
note: loc(""/Users/raghav/Veridise/LLEQ/examples/circom-examples/Dense_test.llzk"":15:11):see current operation: scf.condition(%3)
Assertion failed: (resultNumber < getNumResults() && ""Result number is out of range for operation""), function getOpResultImpl, file /nix/store/eeeeeeeeeeeeeeeeeeeeeeeeeeeeeeee-mlir-debug-20.1.8-dev/include/mlir/IR/Operation.h, line "
Dense_test,Dense_3,wp,error,0.308930,"LLVM ERROR: unknown subcomponent type
 #0 0x0000000104c85a74 llvm::sys::PrintStackTrace(llvm::raw_ostream&, int) (/Users/raghav/Veridise/LLEQ/build/tools/lleq/lleq+0x100591a74)
 #1 0x0000000104c83584 llvm::sys::RunSignalHandlers() (/Users/raghav/Veridise/LLEQ/build/tools/lleq/lleq+0x10058f584)
 #2 0x0000000104c8665c SignalHandler(int) (/Users/raghav/Veridise/LLEQ/build/tools/lleq/lleq+0x10059265c)
 #3 0x000000018e127744 (/usr/lib/system/libsystem_platform.dylib+0x1804fb744)
 #4 0x000000018e11d8d"
Flatten2D_test,Flatten2D_0,verify,verified,20.712460,
Flatten2D_test,Flatten2D_0,wp,counterexample,0.303760,sat
GlobalAveragePooling2D_test,GlobalAveragePooling2D_2,verify,timeout,120.127025,timeout
GlobalAveragePooling2D_test,GlobalAveragePooling2D_2,wp,error,0.660509,"LLVM ERROR: unknown subcomponent type
 #0 0x0000000103449a74 llvm::sys::PrintStackTrace(llvm::raw_ostream&, int) (/Users/raghav/Veridise/LLEQ/build/tools/lleq/lleq+0x100591a74)
 #1 0x0000000103447584 llvm::sys::RunSignalHandlers() (/Users/raghav/Veridise/LLEQ/build/tools/lleq/lleq+0x10058f584)
 #2 0x000000010344a65c SignalHandler(int) (/Users/raghav/Veridise/LLEQ/build/tools/lleq/lleq+0x10059265c)
 #3 0x000000018e127744 (/usr/lib/system/libsystem_platform.dylib+0x1804fb744)
 #4 0x000000018e11d8d"
GlobalMaxPooling2D_test,GlobalMaxPooling2D_5,verify,error,67.638333,"LLVM ERROR: could not create SourceRef child for member reference
 #0 0x0000000100a69a74 llvm::sys::PrintStackTrace(llvm::raw_ostream&, int) (/Users/raghav/Veridise/LLEQ/build/tools/lleq/lleq+0x100591a74)
 #1 0x0000000100a67584 llvm::sys::RunSignalHandlers() (/Users/raghav/Veridise/LLEQ/build/tools/lleq/lleq+0x10058f584)
 #2 0x0000000100a6a65c SignalHandler(int) (/Users/raghav/Veridise/LLEQ/build/tools/lleq/lleq+0x10059265c)
 #3 0x000000018e127744 (/usr/lib/system/libsystem_platform.dylib+0x1804"
GlobalMaxPooling2D_test,GlobalMaxPooling2D_5,wp,error,0.502640,"LLVM ERROR: unknown subcomponent type
 #0 0x0000000104ff5a74 llvm::sys::PrintStackTrace(llvm::raw_ostream&, int) (/Users/raghav/Veridise/LLEQ/build/tools/lleq/lleq+0x100591a74)
 #1 0x0000000104ff3584 llvm::sys::RunSignalHandlers() (/Users/raghav/Veridise/LLEQ/build/tools/lleq/lleq+0x10058f584)
 #2 0x0000000104ff665c SignalHandler(int) (/Users/raghav/Veridise/LLEQ/build/tools/lleq/lleq+0x10059265c)
 #3 0x000000018e127744 (/usr/lib/system/libsystem_platform.dylib+0x1804fb744)
 #4 0x000000018e11d8d"
IsNegative_test,IsNegative_4,verify,error,48.566624,"Assertion failed: ((((slen-1)*64)/22 <= numbits || radix != 10) && ""Insufficient bit width""), function fromString, file /nix/var/nix/builds/nix-24581-489863541/llvm-src-20.1.8/llvm/lib/Support/APInt.cpp, line 2106.
 #0 0x0000000105151a74 llvm::sys::PrintStackTrace(llvm::raw_ostream&, int) (/Users/raghav/Veridise/LLEQ/build/tools/lleq/lleq+0x100591a74)
 #1 0x000000010514f584 llvm::sys::RunSignalHandlers() (/Users/raghav/Veridise/LLEQ/build/tools/lleq/lleq+0x10058f584)
 #2 0x000000010515265c Signa"
IsNegative_test,IsNegative_4,wp,error,0.684967,"LLVM ERROR: unknown subcomponent type
 #0 0x0000000102a41a74 llvm::sys::PrintStackTrace(llvm::raw_ostream&, int) (/Users/raghav/Veridise/LLEQ/build/tools/lleq/lleq+0x100591a74)
 #1 0x0000000102a3f584 llvm::sys::RunSignalHandlers() (/Users/raghav/Veridise/LLEQ/build/tools/lleq/lleq+0x10058f584)
 #2 0x0000000102a4265c SignalHandler(int) (/Users/raghav/Veridise/LLEQ/build/tools/lleq/lleq+0x10059265c)
 #3 0x000000018e127744 (/usr/lib/system/libsystem_platform.dylib+0x1804fb744)
 #4 0x000000018e11d8d"
IsPositive_test,IsPositive_4,verify,error,49.087569,"Assertion failed: ((((slen-1)*64)/22 <= numbits || radix != 10) && ""Insufficient bit width""), function fromString, file /nix/var/nix/builds/nix-24581-489863541/llvm-src-20.1.8/llvm/lib/Support/APInt.cpp, line 2106.
 #0 0x00000001029e1a74 llvm::sys::PrintStackTrace(llvm::raw_ostream&, int) (/Users/raghav/Veridise/LLEQ/build/tools/lleq/lleq+0x100591a74)
 #1 0x00000001029df584 llvm::sys::RunSignalHandlers() (/Users/raghav/Veridise/LLEQ/build/tools/lleq/lleq+0x10058f584)
 #2 0x00000001029e265c Signa"
IsPositive_test,IsPositive_4,wp,error,0.547055,"LLVM ERROR: unknown subcomponent type
 #0 0x0000000105169a74 llvm::sys::PrintStackTrace(llvm::raw_ostream&, int) (/Users/raghav/Veridise/LLEQ/build/tools/lleq/lleq+0x100591a74)
 #1 0x0000000105167584 llvm::sys::RunSignalHandlers() (/Users/raghav/Veridise/LLEQ/build/tools/lleq/lleq+0x10058f584)
 #2 0x000000010516a65c SignalHandler(int) (/Users/raghav/Veridise/LLEQ/build/tools/lleq/lleq+0x10059265c)
 #3 0x000000018e127744 (/usr/lib/system/libsystem_platform.dylib+0x1804fb744)
 #4 0x000000018e11d8d"
MaxPooling2D_stride_test,MaxPooling2D_5,verify,timeout,120.111750,timeout
MaxPooling2D_stride_test,MaxPooling2D_5,wp,error,0.753739,"LLVM ERROR: unknown subcomponent type
 #0 0x0000000102f25a74 llvm::sys::PrintStackTrace(llvm::raw_ostream&, int) (/Users/raghav/Veridise/LLEQ/build/tools/lleq/lleq+0x100591a74)
 #1 0x0000000102f23584 llvm::sys::RunSignalHandlers() (/Users/raghav/Veridise/LLEQ/build/tools/lleq/lleq+0x10058f584)
 #2 0x0000000102f2665c SignalHandler(int) (/Users/raghav/Veridise/LLEQ/build/tools/lleq/lleq+0x10059265c)
 #3 0x000000018e127744 (/usr/lib/system/libsystem_platform.dylib+0x1804fb744)
 #4 0x000000018e11d8d"
MaxPooling2D_test,MaxPooling2D_5,verify,error,35.780110,"LLVM ERROR: could not create SourceRef child for member reference
 #0 0x00000001025fda74 llvm::sys::PrintStackTrace(llvm::raw_ostream&, int) (/Users/raghav/Veridise/LLEQ/build/tools/lleq/lleq+0x100591a74)
 #1 0x00000001025fb584 llvm::sys::RunSignalHandlers() (/Users/raghav/Veridise/LLEQ/build/tools/lleq/lleq+0x10058f584)
 #2 0x00000001025fe65c SignalHandler(int) (/Users/raghav/Veridise/LLEQ/build/tools/lleq/lleq+0x10059265c)
 #3 0x000000018e127744 (/usr/lib/system/libsystem_platform.dylib+0x1804"
MaxPooling2D_test,MaxPooling2D_5,wp,error,0.426802,"LLVM ERROR: unknown subcomponent type
 #0 0x0000000102b0da74 llvm::sys::PrintStackTrace(llvm::raw_ostream&, int) (/Users/raghav/Veridise/LLEQ/build/tools/lleq/lleq+0x100591a74)
 #1 0x0000000102b0b584 llvm::sys::RunSignalHandlers() (/Users/raghav/Veridise/LLEQ/build/tools/lleq/lleq+0x10058f584)
 #2 0x0000000102b0e65c SignalHandler(int) (/Users/raghav/Veridise/LLEQ/build/tools/lleq/lleq+0x10059265c)
 #3 0x000000018e127744 (/usr/lib/system/libsystem_platform.dylib+0x1804fb744)
 #4 0x000000018e11d8d"
Max_test,Max_4,verify,error,16.628246,"LLVM ERROR: could not create SourceRef child for member reference
 #0 0x0000000102605a74 llvm::sys::PrintStackTrace(llvm::raw_ostream&, int) (/Users/raghav/Veridise/LLEQ/build/tools/lleq/lleq+0x100591a74)
 #1 0x0000000102603584 llvm::sys::RunSignalHandlers() (/Users/raghav/Veridise/LLEQ/build/tools/lleq/lleq+0x10058f584)
 #2 0x000000010260665c SignalHandler(int) (/Users/raghav/Veridise/LLEQ/build/tools/lleq/lleq+0x10059265c)
 #3 0x000000018e127744 (/usr/lib/system/libsystem_platform.dylib+0x1804"
Max_test,Max_4,wp,error,0.454718,"LLVM ERROR: unknown subcomponent type
 #0 0x0000000102a01a74 llvm::sys::PrintStackTrace(llvm::raw_ostream&, int) (/Users/raghav/Veridise/LLEQ/build/tools/lleq/lleq+0x100591a74)
 #1 0x00000001029ff584 llvm::sys::RunSignalHandlers() (/Users/raghav/Veridise/LLEQ/build/tools/lleq/lleq+0x10058f584)
 #2 0x0000000102a0265c SignalHandler(int) (/Users/raghav/Veridise/LLEQ/build/tools/lleq/lleq+0x10059265c)
 #3 0x000000018e127744 (/usr/lib/system/libsystem_platform.dylib+0x1804fb744)
 #4 0x000000018e11d8d"
Num2Bits,Num2Bits_0,verify,error,1.389218,"error: loc(""/Users/raghav/Veridise/LLEQ/examples/circom-examples/Num2Bits.llzk"":16:16):failed to legalize operation 'felt.shr' that was explicitly marked illegal
note: loc(""/Users/raghav/Veridise/LLEQ/examples/circom-examples/Num2Bits.llzk"":16:16):see current operation: %107 = ""felt.shr""(<<UNKNOWN SSA VALUE>>, %97) {product_source = ""compute""} : (!felt.type<""babybear"">, !felt.type<""babybear"">) -> !felt.type<""babybear"">
LLVM ERROR: failed to generate SMT encoding
 #0 0x00000001011d5a74 llvm::sys:"
Num2Bits,Num2Bits_0,wp,error,0.352535,"(=> true (forall ((x0 Int)) (=> (or (and (<= 0 x0) (< x0 var_315) (= (mod (- x0 0) 1) 0)) (= x0 var_315)) (= (mod (select out_w x0) 2013265921) (mod (select out_c x0) 2013265921)))))
LLVM ERROR: unknown op: felt.bit_and
 #0 0x0000000100ca1a74 llvm::sys::PrintStackTrace(llvm::raw_ostream&, int) (/Users/raghav/Veridise/LLEQ/build/tools/lleq/lleq+0x100591a74)
 #1 0x0000000100c9f584 llvm::sys::RunSignalHandlers() (/Users/raghav/Veridise/LLEQ/build/tools/lleq/lleq+0x10058f584)
 #2 0x0000000100ca265c "
ReLU_test,relu_test_6,verify,error,48.854898,"Assertion failed: ((((slen-1)*64)/22 <= numbits || radix != 10) && ""Insufficient bit width""), function fromString, file /nix/var/nix/builds/nix-24581-489863541/llvm-src-20.1.8/llvm/lib/Support/APInt.cpp, line 2106.
 #0 0x0000000104ffda74 llvm::sys::PrintStackTrace(llvm::raw_ostream&, int) (/Users/raghav/Veridise/LLEQ/build/tools/lleq/lleq+0x100591a74)
 #1 0x0000000104ffb584 llvm::sys::RunSignalHandlers() (/Users/raghav/Veridise/LLEQ/build/tools/lleq/lleq+0x10058f584)
 #2 0x0000000104ffe65c Signa"
ReLU_test,relu_test_6,wp,error,0.676218,"LLVM ERROR: unknown subcomponent type
 #0 0x0000000102fe9a74 llvm::sys::PrintStackTrace(llvm::raw_ostream&, int) (/Users/raghav/Veridise/LLEQ/build/tools/lleq/lleq+0x100591a74)
 #1 0x0000000102fe7584 llvm::sys::RunSignalHandlers() (/Users/raghav/Veridise/LLEQ/build/tools/lleq/lleq+0x10058f584)
 #2 0x0000000102fea65c SignalHandler(int) (/Users/raghav/Veridise/LLEQ/build/tools/lleq/lleq+0x10059265c)
 #3 0x000000018e127744 (/usr/lib/system/libsystem_platform.dylib+0x1804fb744)
 #4 0x000000018e11d8d"
SumPooling2D_stride_test,SumPooling2D_1,verify,timeout,120.111193,timeout
SumPooling2D_stride_test,SumPooling2D_1,wp,error,0.528141,"LLVM ERROR: arbitrary function calls not supported yet
 #0 0x0000000104ce5a74 llvm::sys::PrintStackTrace(llvm::raw_ostream&, int) (/Users/raghav/Veridise/LLEQ/build/tools/lleq/lleq+0x100591a74)
 #1 0x0000000104ce3584 llvm::sys::RunSignalHandlers() (/Users/raghav/Veridise/LLEQ/build/tools/lleq/lleq+0x10058f584)
 #2 0x0000000104ce665c SignalHandler(int) (/Users/raghav/Veridise/LLEQ/build/tools/lleq/lleq+0x10059265c)
 #3 0x000000018e127744 (/usr/lib/system/libsystem_platform.dylib+0x1804fb744)
 #4 "
SumPooling2D_test,SumPooling2D_1,verify,error,22.029968,"warning: loc(""/Users/raghav/Veridise/LLEQ/examples/circom-examples/SumPooling2D_test.llzk"":162:15):unhandled operation, analysis may be incomplete
note: loc(""/Users/raghav/Veridise/LLEQ/examples/circom-examples/SumPooling2D_test.llzk"":162:15):see current operation: pod.write %0[@count] = %c4 : <[@count: index, @comp: !struct.type<@matElemSum_0::@matElemSum_0>, @params: !pod.type<[]>]>, index {product_source = ""compute""}
warning: loc(""/Users/raghav/Veridise/LLEQ/examples/circom-examples/SumPoolin"
SumPooling2D_test,SumPooling2D_1,wp,error,0.550587,"LLVM ERROR: arbitrary function calls not supported yet
 #0 0x0000000104c5da74 llvm::sys::PrintStackTrace(llvm::raw_ostream&, int) (/Users/raghav/Veridise/LLEQ/build/tools/lleq/lleq+0x100591a74)
 #1 0x0000000104c5b584 llvm::sys::RunSignalHandlers() (/Users/raghav/Veridise/LLEQ/build/tools/lleq/lleq+0x10058f584)
 #2 0x0000000104c5e65c SignalHandler(int) (/Users/raghav/Veridise/LLEQ/build/tools/lleq/lleq+0x10059265c)
 #3 0x000000018e127744 (/usr/lib/system/libsystem_platform.dylib+0x1804fb744)
 #4 "
aes_256_ctr_test,AES256CTR_8,verify,timeout,120.097389,timeout
aes_256_ctr_test,AES256CTR_8,wp,error,1.980361,"LLVM ERROR: unknown subcomponent type
 #0 0x0000000100661a74 llvm::sys::PrintStackTrace(llvm::raw_ostream&, int) (/Users/raghav/Veridise/LLEQ/build/tools/lleq/lleq+0x100591a74)
 #1 0x000000010065f584 llvm::sys::RunSignalHandlers() (/Users/raghav/Veridise/LLEQ/build/tools/lleq/lleq+0x10058f584)
 #2 0x000000010066265c SignalHandler(int) (/Users/raghav/Veridise/LLEQ/build/tools/lleq/lleq+0x10059265c)
 #3 0x000000018e127744 (/usr/lib/system/libsystem_platform.dylib+0x1804fb744)
 #4 0x000000018e11d8d"
aes_256_encrypt_test,AES256Encrypt_6,verify,timeout,120.086092,timeout
aes_256_encrypt_test,AES256Encrypt_6,wp,error,1.432406,"LLVM ERROR: unknown op: array.extract
 #0 0x000000010146da74 llvm::sys::PrintStackTrace(llvm::raw_ostream&, int) (/Users/raghav/Veridise/LLEQ/build/tools/lleq/lleq+0x100591a74)
 #1 0x000000010146b584 llvm::sys::RunSignalHandlers() (/Users/raghav/Veridise/LLEQ/build/tools/lleq/lleq+0x10058f584)
 #2 0x000000010146e65c SignalHandler(int) (/Users/raghav/Veridise/LLEQ/build/tools/lleq/lleq+0x10059265c)
 #3 0x000000018e127744 (/usr/lib/system/libsystem_platform.dylib+0x1804fb744)
 #4 0x000000018e11d8d"
aes_256_key_expansion_test,AES256KeyExpansion_3,verify,timeout,120.081311,timeout
aes_256_key_expansion_test,AES256KeyExpansion_3,wp,error,1.536106,"LLVM ERROR: unknown op: array.extract
 #0 0x00000001053f9a74 llvm::sys::PrintStackTrace(llvm::raw_ostream&, int) (/Users/raghav/Veridise/LLEQ/build/tools/lleq/lleq+0x100591a74)
 #1 0x00000001053f7584 llvm::sys::RunSignalHandlers() (/Users/raghav/Veridise/LLEQ/build/tools/lleq/lleq+0x10058f584)
 #2 0x00000001053fa65c SignalHandler(int) (/Users/raghav/Veridise/LLEQ/build/tools/lleq/lleq+0x10059265c)
 #3 0x000000018e127744 (/usr/lib/system/libsystem_platform.dylib+0x1804fb744)
 #4 0x000000018e11d8d"
aliascheck_test,AliasCheck_2,verify,error,33.177685,"Assertion failed: ((((slen-1)*64)/22 <= numbits || radix != 10) && ""Insufficient bit width""), function fromString, file /nix/var/nix/builds/nix-24581-489863541/llvm-src-20.1.8/llvm/lib/Support/APInt.cpp, line 2106.
 #0 0x0000000105459a74 llvm::sys::PrintStackTrace(llvm::raw_ostream&, int) (/Users/raghav/Veridise/LLEQ/build/tools/lleq/lleq+0x100591a74)
 #1 0x0000000105457584 llvm::sys::RunSignalHandlers() (/Users/raghav/Veridise/LLEQ/build/tools/lleq/lleq+0x10058f584)
 #2 0x000000010545a65c Signa"
aliascheck_test,AliasCheck_2,wp,error,0.274357,"LLVM ERROR: unknown subcomponent type
 #0 0x0000000104be5a74 llvm::sys::PrintStackTrace(llvm::raw_ostream&, int) (/Users/raghav/Veridise/LLEQ/build/tools/lleq/lleq+0x100591a74)
 #1 0x0000000104be3584 llvm::sys::RunSignalHandlers() (/Users/raghav/Veridise/LLEQ/build/tools/lleq/lleq+0x10058f584)
 #2 0x0000000104be665c SignalHandler(int) (/Users/raghav/Veridise/LLEQ/build/tools/lleq/lleq+0x10059265c)
 #3 0x000000018e127744 (/usr/lib/system/libsystem_platform.dylib+0x1804fb744)
 #4 0x000000018e11d8d"
babyadd_tester,BabyAdd_0,verify,verified,7.580293,
babyadd_tester,BabyAdd_0,wp,timeout,120.051895,timeout
babycheck_test,BabyCheck_0,verify,verified,2.831819,
babycheck_test,BabyCheck_0,wp,verified,0.126773,unsat
binsub_test,A_3,verify,error,33.953405,"LLVM ERROR: could not create SourceRef child for member reference
 #0 0x000000010266da74 llvm::sys::PrintStackTrace(llvm::raw_ostream&, int) (/Users/raghav/Veridise/LLEQ/build/tools/lleq/lleq+0x100591a74)
 #1 0x000000010266b584 llvm::sys::RunSignalHandlers() (/Users/raghav/Veridise/LLEQ/build/tools/lleq/lleq+0x10058f584)
 #2 0x000000010266e65c SignalHandler(int) (/Users/raghav/Veridise/LLEQ/build/tools/lleq/lleq+0x10059265c)
 #3 0x000000018e127744 (/usr/lib/system/libsystem_platform.dylib+0x1804"
binsub_test,A_3,wp,error,0.212379,"LLVM ERROR: arbitrary function calls not supported yet
 #0 0x0000000102d01a74 llvm::sys::PrintStackTrace(llvm::raw_ostream&, int) (/Users/raghav/Veridise/LLEQ/build/tools/lleq/lleq+0x100591a74)
 #1 0x0000000102cff584 llvm::sys::RunSignalHandlers() (/Users/raghav/Veridise/LLEQ/build/tools/lleq/lleq+0x10058f584)
 #2 0x0000000102d0265c SignalHandler(int) (/Users/raghav/Veridise/LLEQ/build/tools/lleq/lleq+0x10059265c)
 #3 0x000000018e127744 (/usr/lib/system/libsystem_platform.dylib+0x1804fb744)
 #4 "
calculateTotal_test,CalculateTotal_0,verify,verified,1.195620,
calculateTotal_test,CalculateTotal_0,wp,verified,0.125455,unsat
calculateTotal_test_fused,CalculateTotal_0,verify,verified,1.032204,
calculateTotal_test_fused,CalculateTotal_0,wp,verified,0.186956,unsat
chi_test,Chi_6,verify,timeout,120.089436,timeout
chi_test,Chi_6,wp,error,1.717062,"LLVM ERROR: unknown subcomponent type
 #0 0x0000000100cf1a74 llvm::sys::PrintStackTrace(llvm::raw_ostream&, int) (/Users/raghav/Veridise/LLEQ/build/tools/lleq/lleq+0x100591a74)
 #1 0x0000000100cef584 llvm::sys::RunSignalHandlers() (/Users/raghav/Veridise/LLEQ/build/tools/lleq/lleq+0x10058f584)
 #2 0x0000000100cf265c SignalHandler(int) (/Users/raghav/Veridise/LLEQ/build/tools/lleq/lleq+0x10059265c)
 #3 0x000000018e127744 (/usr/lib/system/libsystem_platform.dylib+0x1804fb744)
 #4 0x000000018e11d8d"
constants_test,A_1,verify,timeout,120.050865,timeout
constants_test,A_1,wp,error,0.588450,"LLVM ERROR: arbitrary function calls not supported yet
 #0 0x0000000100881a74 llvm::sys::PrintStackTrace(llvm::raw_ostream&, int) (/Users/raghav/Veridise/LLEQ/build/tools/lleq/lleq+0x100591a74)
 #1 0x000000010087f584 llvm::sys::RunSignalHandlers() (/Users/raghav/Veridise/LLEQ/build/tools/lleq/lleq+0x10058f584)
 #2 0x000000010088265c SignalHandler(int) (/Users/raghav/Veridise/LLEQ/build/tools/lleq/lleq+0x10059265c)
 #3 0x000000018e127744 (/usr/lib/system/libsystem_platform.dylib+0x1804fb744)
 #4 "
decryptMultiple_test,DecryptBits_1,verify,timeout,120.065175,timeout
decryptMultiple_test,DecryptBits_1,wp,error,0.808282,"libc++abi: terminating due to uncaught exception of type cvc5::CVC5ApiException: expecting an arithmetic subterm
 #0 0x0000000102fe1a74 llvm::sys::PrintStackTrace(llvm::raw_ostream&, int) (/Users/raghav/Veridise/LLEQ/build/tools/lleq/lleq+0x100591a74)
 #1 0x0000000102fdf584 llvm::sys::RunSignalHandlers() (/Users/raghav/Veridise/LLEQ/build/tools/lleq/lleq+0x10058f584)
 #2 0x0000000102fe265c SignalHandler(int) (/Users/raghav/Veridise/LLEQ/build/tools/lleq/lleq+0x10059265c)
 #3 0x000000018e127744 ("
decrypt_test,Decrypt_1,verify,timeout,120.032967,timeout
decrypt_test,Decrypt_1,wp,error,0.700842,"libc++abi: terminating due to uncaught exception of type cvc5::CVC5ApiException: expecting an arithmetic subterm
 #0 0x00000001049dda74 llvm::sys::PrintStackTrace(llvm::raw_ostream&, int) (/Users/raghav/Veridise/LLEQ/build/tools/lleq/lleq+0x100591a74)
 #1 0x00000001049db584 llvm::sys::RunSignalHandlers() (/Users/raghav/Veridise/LLEQ/build/tools/lleq/lleq+0x10058f584)
 #2 0x00000001049de65c SignalHandler(int) (/Users/raghav/Veridise/LLEQ/build/tools/lleq/lleq+0x10059265c)
 #3 0x000000018e127744 ("
edwards2montgomery,Edwards2Montgomery_0,verify,verified,2.221858,
edwards2montgomery,Edwards2Montgomery_0,wp,counterexample,4.788924,sat
encryptMultiple_test,EncryptBits_2,verify,timeout,120.096809,timeout
encryptMultiple_test,EncryptBits_2,wp,error,0.769902,"LLVM ERROR: unknown subcomponent type
 #0 0x0000000104fd1a74 llvm::sys::PrintStackTrace(llvm::raw_ostream&, int) (/Users/raghav/Veridise/LLEQ/build/tools/lleq/lleq+0x100591a74)
 #1 0x0000000104fcf584 llvm::sys::RunSignalHandlers() (/Users/raghav/Veridise/LLEQ/build/tools/lleq/lleq+0x10058f584)
 #2 0x0000000104fd265c SignalHandler(int) (/Users/raghav/Veridise/LLEQ/build/tools/lleq/lleq+0x10059265c)
 #3 0x000000018e127744 (/usr/lib/system/libsystem_platform.dylib+0x1804fb744)
 #4 0x000000018e11d8d"
encrypt_test,Encrypt_2,verify,timeout,120.033112,timeout
encrypt_test,Encrypt_2,wp,error,0.480090,"libc++abi: terminating due to uncaught exception of type cvc5::CVC5ApiException: array select operating on non-array
 #0 0x0000000100c6da74 llvm::sys::PrintStackTrace(llvm::raw_ostream&, int) (/Users/raghav/Veridise/LLEQ/build/tools/lleq/lleq+0x100591a74)
 #1 0x0000000100c6b584 llvm::sys::RunSignalHandlers() (/Users/raghav/Veridise/LLEQ/build/tools/lleq/lleq+0x10058f584)
 #2 0x0000000100c6e65c SignalHandler(int) (/Users/raghav/Veridise/LLEQ/build/tools/lleq/lleq+0x10059265c)
 #3 0x000000018e1277"
greatereqthan,GreaterEqThan_2,verify,error,1.739504,"LLVM ERROR: could not create SourceRef child for member reference
 #0 0x00000001045d5a74 llvm::sys::PrintStackTrace(llvm::raw_ostream&, int) (/Users/raghav/Veridise/LLEQ/build/tools/lleq/lleq+0x100591a74)
 #1 0x00000001045d3584 llvm::sys::RunSignalHandlers() (/Users/raghav/Veridise/LLEQ/build/tools/lleq/lleq+0x10058f584)
 #2 0x00000001045d665c SignalHandler(int) (/Users/raghav/Veridise/LLEQ/build/tools/lleq/lleq+0x10059265c)
 #3 0x000000018e127744 (/usr/lib/system/libsystem_platform.dylib+0x1804"
greatereqthan,GreaterEqThan_2,wp,error,0.345108,"LLVM ERROR: unknown subcomponent type
 #0 0x0000000102fdda74 llvm::sys::PrintStackTrace(llvm::raw_ostream&, int) (/Users/raghav/Veridise/LLEQ/build/tools/lleq/lleq+0x100591a74)
 #1 0x0000000102fdb584 llvm::sys::RunSignalHandlers() (/Users/raghav/Veridise/LLEQ/build/tools/lleq/lleq+0x10058f584)
 #2 0x0000000102fde65c SignalHandler(int) (/Users/raghav/Veridise/LLEQ/build/tools/lleq/lleq+0x10059265c)
 #3 0x000000018e127744 (/usr/lib/system/libsystem_platform.dylib+0x1804fb744)
 #4 0x000000018e11d8d"
greaterthan,GreaterThan_2,verify,error,1.252535,"LLVM ERROR: could not create SourceRef child for member reference
 #0 0x0000000101411a74 llvm::sys::PrintStackTrace(llvm::raw_ostream&, int) (/Users/raghav/Veridise/LLEQ/build/tools/lleq/lleq+0x100591a74)
 #1 0x000000010140f584 llvm::sys::RunSignalHandlers() (/Users/raghav/Veridise/LLEQ/build/tools/lleq/lleq+0x10058f584)
 #2 0x000000010141265c SignalHandler(int) (/Users/raghav/Veridise/LLEQ/build/tools/lleq/lleq+0x10059265c)
 #3 0x000000018e127744 (/usr/lib/system/libsystem_platform.dylib+0x1804"
greaterthan,GreaterThan_2,wp,error,0.280591,"LLVM ERROR: unknown subcomponent type
 #0 0x00000001051d5a74 llvm::sys::PrintStackTrace(llvm::raw_ostream&, int) (/Users/raghav/Veridise/LLEQ/build/tools/lleq/lleq+0x100591a74)
 #1 0x00000001051d3584 llvm::sys::RunSignalHandlers() (/Users/raghav/Veridise/LLEQ/build/tools/lleq/lleq+0x10058f584)
 #2 0x00000001051d665c SignalHandler(int) (/Users/raghav/Veridise/LLEQ/build/tools/lleq/lleq+0x10059265c)
 #3 0x000000018e127744 (/usr/lib/system/libsystem_platform.dylib+0x1804fb744)
 #4 0x000000018e11d8d"
inTest,IN_5,verify,error,10.551131,"LLVM ERROR: could not create SourceRef child for member reference
 #0 0x000000010494da74 llvm::sys::PrintStackTrace(llvm::raw_ostream&, int) (/Users/raghav/Veridise/LLEQ/build/tools/lleq/lleq+0x100591a74)
 #1 0x000000010494b584 llvm::sys::RunSignalHandlers() (/Users/raghav/Veridise/LLEQ/build/tools/lleq/lleq+0x10058f584)
 #2 0x000000010494e65c SignalHandler(int) (/Users/raghav/Veridise/LLEQ/build/tools/lleq/lleq+0x10059265c)
 #3 0x000000018e127744 (/usr/lib/system/libsystem_platform.dylib+0x1804"
inTest,IN_5,wp,error,0.567468,"LLVM ERROR: unknown subcomponent type
 #0 0x0000000105305a74 llvm::sys::PrintStackTrace(llvm::raw_ostream&, int) (/Users/raghav/Veridise/LLEQ/build/tools/lleq/lleq+0x100591a74)
 #1 0x0000000105303584 llvm::sys::RunSignalHandlers() (/Users/raghav/Veridise/LLEQ/build/tools/lleq/lleq+0x10058f584)
 #2 0x000000010530665c SignalHandler(int) (/Users/raghav/Veridise/LLEQ/build/tools/lleq/lleq+0x10059265c)
 #3 0x000000018e127744 (/usr/lib/system/libsystem_platform.dylib+0x1804fb744)
 #4 0x000000018e11d8d"
iota10_test,Iota_3,verify,timeout,120.088581,timeout
iota10_test,Iota_3,wp,error,0.462851,"LLVM ERROR: unknown subcomponent type
 #0 0x00000001027c9a74 llvm::sys::PrintStackTrace(llvm::raw_ostream&, int) (/Users/raghav/Veridise/LLEQ/build/tools/lleq/lleq+0x100591a74)
 #1 0x00000001027c7584 llvm::sys::RunSignalHandlers() (/Users/raghav/Veridise/LLEQ/build/tools/lleq/lleq+0x10058f584)
 #2 0x00000001027ca65c SignalHandler(int) (/Users/raghav/Veridise/LLEQ/build/tools/lleq/lleq+0x10059265c)
 #3 0x000000018e127744 (/usr/lib/system/libsystem_platform.dylib+0x1804fb744)
 #4 0x000000018e11d8d"
iota3_test,Iota_3,verify,error,35.023186,"Assertion failed: ((((slen-1)*64)/22 <= numbits || radix != 10) && ""Insufficient bit width""), function fromString, file /nix/var/nix/builds/nix-24581-489863541/llvm-src-20.1.8/llvm/lib/Support/APInt.cpp, line 2106.
 #0 0x00000001048eda74 llvm::sys::PrintStackTrace(llvm::raw_ostream&, int) (/Users/raghav/Veridise/LLEQ/build/tools/lleq/lleq+0x100591a74)
 #1 0x00000001048eb584 llvm::sys::RunSignalHandlers() (/Users/raghav/Veridise/LLEQ/build/tools/lleq/lleq+0x10058f584)
 #2 0x00000001048ee65c Signa"
iota3_test,Iota_3,wp,error,0.538745,"LLVM ERROR: unknown subcomponent type
 #0 0x0000000103459a74 llvm::sys::PrintStackTrace(llvm::raw_ostream&, int) (/Users/raghav/Veridise/LLEQ/build/tools/lleq/lleq+0x100591a74)
 #1 0x0000000103457584 llvm::sys::RunSignalHandlers() (/Users/raghav/Veridise/LLEQ/build/tools/lleq/lleq+0x10058f584)
 #2 0x000000010345a65c SignalHandler(int) (/Users/raghav/Veridise/LLEQ/build/tools/lleq/lleq+0x10059265c)
 #3 0x000000018e127744 (/usr/lib/system/libsystem_platform.dylib+0x1804fb744)
 #4 0x000000018e11d8d"
isequal,IsEqual_1,verify,error,0.775252,"LLVM ERROR: could not create SourceRef child for member reference
 #0 0x0000000105491a74 llvm::sys::PrintStackTrace(llvm::raw_ostream&, int) (/Users/raghav/Veridise/LLEQ/build/tools/lleq/lleq+0x100591a74)
 #1 0x000000010548f584 llvm::sys::RunSignalHandlers() (/Users/raghav/Veridise/LLEQ/build/tools/lleq/lleq+0x10058f584)
 #2 0x000000010549265c SignalHandler(int) (/Users/raghav/Veridise/LLEQ/build/tools/lleq/lleq+0x10059265c)
 #3 0x000000018e127744 (/usr/lib/system/libsystem_platform.dylib+0x1804"
isequal,IsEqual_1,wp,error,0.491578,"LLVM ERROR: arbitrary function calls not supported yet
 #0 0x00000001029a9a74 llvm::sys::PrintStackTrace(llvm::raw_ostream&, int) (/Users/raghav/Veridise/LLEQ/build/tools/lleq/lleq+0x100591a74)
 #1 0x00000001029a7584 llvm::sys::RunSignalHandlers() (/Users/raghav/Veridise/LLEQ/build/tools/lleq/lleq+0x10058f584)
 #2 0x00000001029aa65c SignalHandler(int) (/Users/raghav/Veridise/LLEQ/build/tools/lleq/lleq+0x10059265c)
 #3 0x000000018e127744 (/usr/lib/system/libsystem_platform.dylib+0x1804fb744)
 #4 "
iszero,IsZero_0,verify,verified,0.357218,
iszero,IsZero_0,wp,counterexample,0.264550,sat
keccakfRound0_test,KeccakfRound_88,verify,timeout,120.171654,timeout
keccakfRound0_test,KeccakfRound_88,wp,error,2.029662,"LLVM ERROR: unknown subcomponent type
 #0 0x00000001034bda74 llvm::sys::PrintStackTrace(llvm::raw_ostream&, int) (/Users/raghav/Veridise/LLEQ/build/tools/lleq/lleq+0x100591a74)
 #1 0x00000001034bb584 llvm::sys::RunSignalHandlers() (/Users/raghav/Veridise/LLEQ/build/tools/lleq/lleq+0x10058f584)
 #2 0x00000001034be65c SignalHandler(int) (/Users/raghav/Veridise/LLEQ/build/tools/lleq/lleq+0x10059265c)
 #3 0x000000018e127744 (/usr/lib/system/libsystem_platform.dylib+0x1804fb744)
 #4 0x000000018e11d8d"
keccakfRound20_test,KeccakfRound_88,verify,timeout,120.068506,timeout
keccakfRound20_test,KeccakfRound_88,wp,error,2.119555,"LLVM ERROR: unknown subcomponent type
 #0 0x0000000102829a74 llvm::sys::PrintStackTrace(llvm::raw_ostream&, int) (/Users/raghav/Veridise/LLEQ/build/tools/lleq/lleq+0x100591a74)
 #1 0x0000000102827584 llvm::sys::RunSignalHandlers() (/Users/raghav/Veridise/LLEQ/build/tools/lleq/lleq+0x10058f584)
 #2 0x000000010282a65c SignalHandler(int) (/Users/raghav/Veridise/LLEQ/build/tools/lleq/lleq+0x10059265c)
 #3 0x000000018e127744 (/usr/lib/system/libsystem_platform.dylib+0x1804fb744)
 #4 0x000000018e11d8d"
lesseqthan,LessEqThan_2,verify,error,1.602689,"LLVM ERROR: could not create SourceRef child for member reference
 #0 0x0000000100f79a74 llvm::sys::PrintStackTrace(llvm::raw_ostream&, int) (/Users/raghav/Veridise/LLEQ/build/tools/lleq/lleq+0x100591a74)
 #1 0x0000000100f77584 llvm::sys::RunSignalHandlers() (/Users/raghav/Veridise/LLEQ/build/tools/lleq/lleq+0x10058f584)
 #2 0x0000000100f7a65c SignalHandler(int) (/Users/raghav/Veridise/LLEQ/build/tools/lleq/lleq+0x10059265c)
 #3 0x000000018e127744 (/usr/lib/system/libsystem_platform.dylib+0x1804"
lesseqthan,LessEqThan_2,wp,error,0.405021,"LLVM ERROR: unknown subcomponent type
 #0 0x0000000102fbda74 llvm::sys::PrintStackTrace(llvm::raw_ostream&, int) (/Users/raghav/Veridise/LLEQ/build/tools/lleq/lleq+0x100591a74)
 #1 0x0000000102fbb584 llvm::sys::RunSignalHandlers() (/Users/raghav/Veridise/LLEQ/build/tools/lleq/lleq+0x10058f584)
 #2 0x0000000102fbe65c SignalHandler(int) (/Users/raghav/Veridise/LLEQ/build/tools/lleq/lleq+0x10059265c)
 #3 0x000000018e127744 (/usr/lib/system/libsystem_platform.dylib+0x1804fb744)
 #4 0x000000018e11d8d"
lessthan,LessThan_1,verify,error,1.368967,"LLVM ERROR: could not create SourceRef child for member reference
 #0 0x0000000104ec9a74 llvm::sys::PrintStackTrace(llvm::raw_ostream&, int) (/Users/raghav/Veridise/LLEQ/build/tools/lleq/lleq+0x100591a74)
 #1 0x0000000104ec7584 llvm::sys::RunSignalHandlers() (/Users/raghav/Veridise/LLEQ/build/tools/lleq/lleq+0x10058f584)
 #2 0x0000000104eca65c SignalHandler(int) (/Users/raghav/Veridise/LLEQ/build/tools/lleq/lleq+0x10059265c)
 #3 0x000000018e127744 (/usr/lib/system/libsystem_platform.dylib+0x1804"
lessthan,LessThan_1,wp,error,0.286131,"LLVM ERROR: arbitrary function calls not supported yet
 #0 0x0000000102605a74 llvm::sys::PrintStackTrace(llvm::raw_ostream&, int) (/Users/raghav/Veridise/LLEQ/build/tools/lleq/lleq+0x100591a74)
 #1 0x0000000102603584 llvm::sys::RunSignalHandlers() (/Users/raghav/Veridise/LLEQ/build/tools/lleq/lleq+0x10058f584)
 #2 0x000000010260665c SignalHandler(int) (/Users/raghav/Veridise/LLEQ/build/tools/lleq/lleq+0x10059265c)
 #3 0x000000018e127744 (/usr/lib/system/libsystem_platform.dylib+0x1804fb744)
 #4 "
main,fulladder_0,verify,error,0.325378,"error: loc(""/Users/raghav/Veridise/LLEQ/examples/circom-examples/main.llzk"":17:14):failed to legalize operation 'felt.uintdiv' that was explicitly marked illegal
note: loc(""/Users/raghav/Veridise/LLEQ/examples/circom-examples/main.llzk"":17:14):see current operation: %38 = ""felt.uintdiv""(%37, %25) {product_source = ""compute""} : (!felt.type<""babybear"">, !felt.type<""babybear"">) -> !felt.type<""babybear"">
LLVM ERROR: failed to generate SMT encoding
 #0 0x0000000105271a74 llvm::sys::PrintStackTrace(ll"
main,fulladder_0,wp,counterexample,0.108188,sat
matAdd_test,matAdd_0,verify,verified,0.960326,
matAdd_test,matAdd_0,wp,counterexample,0.222043,sat
matElemMul_test,matElemMul_0,verify,verified,6.854245,
matElemMul_test,matElemMul_0,wp,counterexample,0.376700,sat
matElemPow_test,matElemPow_1,verify,error,6.934173,"warning: loc(""/Users/raghav/Veridise/LLEQ/examples/circom-examples/matElemPow_test.llzk"":116:13):unhandled operation, analysis may be incomplete
note: loc(""/Users/raghav/Veridise/LLEQ/examples/circom-examples/matElemPow_test.llzk"":116:13):see current operation: pod.write %0[@count] = %c1 : <[@count: index, @comp: !struct.type<@power_0::@power_0>, @params: !pod.type<[]>]>, index {product_source = ""compute""}
warning: loc(""/Users/raghav/Veridise/LLEQ/examples/circom-examples/matElemPow_test.llzk"":1"
matElemPow_test,matElemPow_1,wp,error,0.386360,"LLVM ERROR: arbitrary function calls not supported yet
 #0 0x0000000104795a74 llvm::sys::PrintStackTrace(llvm::raw_ostream&, int) (/Users/raghav/Veridise/LLEQ/build/tools/lleq/lleq+0x100591a74)
 #1 0x0000000104793584 llvm::sys::RunSignalHandlers() (/Users/raghav/Veridise/LLEQ/build/tools/lleq/lleq+0x10058f584)
 #2 0x000000010479665c SignalHandler(int) (/Users/raghav/Veridise/LLEQ/build/tools/lleq/lleq+0x10059265c)
 #3 0x000000018e127744 (/usr/lib/system/libsystem_platform.dylib+0x1804fb744)
 #4 "
matMul_test,matMul_2,verify,error,10.349521,"warning: loc(""/Users/raghav/Veridise/LLEQ/examples/circom-examples/matMul_test.llzk"":15:11):unhandled operation, analysis may be incomplete
note: loc(""/Users/raghav/Veridise/LLEQ/examples/circom-examples/matMul_test.llzk"":15:11):see current operation: scf.condition(%3)
Assertion failed: (resultNumber < getNumResults() && ""Result number is out of range for operation""), function getOpResultImpl, file /nix/store/eeeeeeeeeeeeeeeeeeeeeeeeeeeeeeee-mlir-debug-20.1.8-dev/include/mlir/IR/Operation.h, lin"
matMul_test,matMul_2,wp,error,0.326268,"LLVM ERROR: arbitrary function calls not supported yet
 #0 0x000000010475da74 llvm::sys::PrintStackTrace(llvm::raw_ostream&, int) (/Users/raghav/Veridise/LLEQ/build/tools/lleq/lleq+0x100591a74)
 #1 0x000000010475b584 llvm::sys::RunSignalHandlers() (/Users/raghav/Veridise/LLEQ/build/tools/lleq/lleq+0x10058f584)
 #2 0x000000010475e65c SignalHandler(int) (/Users/raghav/Veridise/LLEQ/build/tools/lleq/lleq+0x10059265c)
 #3 0x000000018e127744 (/usr/lib/system/libsystem_platform.dylib+0x1804fb744)
 #4 "
matPow_test,matPow_3,verify,error,30.001944,"warning: loc(""/Users/raghav/Veridise/LLEQ/examples/circom-examples/matPow_test.llzk"":15:11):unhandled operation, analysis may be incomplete
note: loc(""/Users/raghav/Veridise/LLEQ/examples/circom-examples/matPow_test.llzk"":15:11):see current operation: scf.condition(%3)
Assertion failed: (resultNumber < getNumResults() && ""Result number is out of range for operation""), function getOpResultImpl, file /nix/store/eeeeeeeeeeeeeeeeeeeeeeeeeeeeeeee-mlir-debug-20.1.8-dev/include/mlir/IR/Operation.h, lin"
matPow_test,matPow_3,wp,error,0.992275,"LLVM ERROR: unknown subcomponent type
 #0 0x0000000104bdda74 llvm::sys::PrintStackTrace(llvm::raw_ostream&, int) (/Users/raghav/Veridise/LLEQ/build/tools/lleq/lleq+0x100591a74)
 #1 0x0000000104bdb584 llvm::sys::RunSignalHandlers() (/Users/raghav/Veridise/LLEQ/build/tools/lleq/lleq+0x10058f584)
 #2 0x0000000104bde65c SignalHandler(int) (/Users/raghav/Veridise/LLEQ/build/tools/lleq/lleq+0x10059265c)
 #3 0x000000018e127744 (/usr/lib/system/libsystem_platform.dylib+0x1804fb744)
 #4 0x000000018e11d8d"
matScalarAdd_test,matScalarAdd_0,verify,verified,0.684527,
matScalarAdd_test,matScalarAdd_0,wp,counterexample,0.324862,sat
matScalarMul_test,matScalarMul_0,verify,verified,6.804955,
matScalarMul_test,matScalarMul_0,wp,counterexample,0.234103,sat
matScalarSub_test,matScalarSub_0,verify,verified,0.737508,
matScalarSub_test,matScalarSub_0,wp,counterexample,0.383519,sat
matSub_test,matSub_0,verify,verified,1.196287,
matSub_test,matSub_0,wp,counterexample,0.240425,sat
mimc_sponge_hash_test,MiMCSponge_1,verify,timeout,120.051786,timeout
mimc_sponge_hash_test,MiMCSponge_1,wp,error,0.763726,"Checking invariant (forall ((x0 Int)) (=> (and (<= 0 x0) (< x0 4) (= (mod (- x0 0) 1) 0)) true))
(set-logic ALL)
; Subcomponents
(declare-sort MiMCFeistel_0 0)
(declare-fun init-MiMCFeistel_0 (Int Int Int) MiMCFeistel_0)
(declare-fun read-MiMCFeistel_0-xLout (MiMCFeistel_0) Int)
(declare-fun read-MiMCFeistel_0-t2 (MiMCFeistel_0) (Array Int Int))
(declare-fun read-MiMCFeistel_0-t4 (MiMCFeistel_0) (Array Int Int))
(declare-fun read-MiMCFeistel_0-xRout (MiMCFeistel_0) Int)
(declare-fun read-MiMCFei"
mimc_sponge_test,MiMCFeistel_0,verify,timeout,120.053242,timeout
mimc_sponge_test,MiMCFeistel_0,wp,error,6.365577,"(=> true (forall ((x0 Int)) (=> (or (and (<= 0 x0) (< x0 var_759) (= (mod (- x0 0) 1) 0)) (= x0 var_759)) (= (mod (select xR_w x0) 2013265921) (mod (select xR_c x0) 2013265921)))))
LLVM ERROR: unknown op: bool.or
 #0 0x0000000102d19a74 llvm::sys::PrintStackTrace(llvm::raw_ostream&, int) (/Users/raghav/Veridise/LLEQ/build/tools/lleq/lleq+0x100591a74)
 #1 0x0000000102d17584 llvm::sys::RunSignalHandlers() (/Users/raghav/Veridise/LLEQ/build/tools/lleq/lleq+0x10058f584)
 #2 0x0000000102d1a65c SignalH"
mimc_test,MiMC7_0,verify,timeout,120.055801,timeout
mimc_test,MiMC7_0,wp,timeout,120.023731,timeout
mnist_convnet_test,mnist_convnet_21,verify,timeout,120.288928,timeout
mnist_convnet_test,mnist_convnet_21,wp,error,0.415684,"LLVM ERROR: unknown subcomponent type
 #0 0x0000000100e55a74 llvm::sys::PrintStackTrace(llvm::raw_ostream&, int) (/Users/raghav/Veridise/LLEQ/build/tools/lleq/lleq+0x100591a74)
 #1 0x0000000100e53584 llvm::sys::RunSignalHandlers() (/Users/raghav/Veridise/LLEQ/build/tools/lleq/lleq+0x10058f584)
 #2 0x0000000100e5665c SignalHandler(int) (/Users/raghav/Veridise/LLEQ/build/tools/lleq/lleq+0x10059265c)
 #3 0x000000018e127744 (/usr/lib/system/libsystem_platform.dylib+0x1804fb744)
 #4 0x000000018e11d8d"
mnist_latest_precision_test,mnist_latest_precision_29,verify,timeout,120.396292,timeout
mnist_latest_precision_test,mnist_latest_precision_29,wp,error,0.513805,"LLVM ERROR: unknown subcomponent type
 #0 0x0000000100ec1a74 llvm::sys::PrintStackTrace(llvm::raw_ostream&, int) (/Users/raghav/Veridise/LLEQ/build/tools/lleq/lleq+0x100591a74)
 #1 0x0000000100ebf584 llvm::sys::RunSignalHandlers() (/Users/raghav/Veridise/LLEQ/build/tools/lleq/lleq+0x10058f584)
 #2 0x0000000100ec265c SignalHandler(int) (/Users/raghav/Veridise/LLEQ/build/tools/lleq/lleq+0x10059265c)
 #3 0x000000018e127744 (/usr/lib/system/libsystem_platform.dylib+0x1804fb744)
 #4 0x000000018e11d8d"
mnist_latest_test,mnist_latest_25,verify,timeout,120.439067,timeout
mnist_latest_test,mnist_latest_25,wp,error,0.408077,"LLVM ERROR: unknown subcomponent type
 #0 0x0000000100ef9a74 llvm::sys::PrintStackTrace(llvm::raw_ostream&, int) (/Users/raghav/Veridise/LLEQ/build/tools/lleq/lleq+0x100591a74)
 #1 0x0000000100ef7584 llvm::sys::RunSignalHandlers() (/Users/raghav/Veridise/LLEQ/build/tools/lleq/lleq+0x10058f584)
 #2 0x0000000100efa65c SignalHandler(int) (/Users/raghav/Veridise/LLEQ/build/tools/lleq/lleq+0x10059265c)
 #3 0x000000018e127744 (/usr/lib/system/libsystem_platform.dylib+0x1804fb744)
 #4 0x000000018e11d8d"
mnist_test,mnist_20,verify,timeout,120.147999,timeout
mnist_test,mnist_20,wp,error,0.262352,"LLVM ERROR: unknown subcomponent type
 #0 0x0000000101185a74 llvm::sys::PrintStackTrace(llvm::raw_ostream&, int) (/Users/raghav/Veridise/LLEQ/build/tools/lleq/lleq+0x100591a74)
 #1 0x0000000101183584 llvm::sys::RunSignalHandlers() (/Users/raghav/Veridise/LLEQ/build/tools/lleq/lleq+0x10058f584)
 #2 0x000000010118665c SignalHandler(int) (/Users/raghav/Veridise/LLEQ/build/tools/lleq/lleq+0x10059265c)
 #3 0x000000018e127744 (/usr/lib/system/libsystem_platform.dylib+0x1804fb744)
 #4 0x000000018e11d8d"
model1_test,model1_14,verify,error,54.786037,"Assertion failed: ((((slen-1)*64)/22 <= numbits || radix != 10) && ""Insufficient bit width""), function fromString, file /nix/var/nix/builds/nix-24581-489863541/llvm-src-20.1.8/llvm/lib/Support/APInt.cpp, line 2106.
 #0 0x000000010121da74 llvm::sys::PrintStackTrace(llvm::raw_ostream&, int) (/Users/raghav/Veridise/LLEQ/build/tools/lleq/lleq+0x100591a74)
 #1 0x000000010121b584 llvm::sys::RunSignalHandlers() (/Users/raghav/Veridise/LLEQ/build/tools/lleq/lleq+0x10058f584)
 #2 0x000000010121e65c Signa"
model1_test,model1_14,wp,error,0.536048,"LLVM ERROR: unknown subcomponent type
 #0 0x000000010121da74 llvm::sys::PrintStackTrace(llvm::raw_ostream&, int) (/Users/raghav/Veridise/LLEQ/build/tools/lleq/lleq+0x100591a74)
 #1 0x000000010121b584 llvm::sys::RunSignalHandlers() (/Users/raghav/Veridise/LLEQ/build/tools/lleq/lleq+0x10058f584)
 #2 0x000000010121e65c SignalHandler(int) (/Users/raghav/Veridise/LLEQ/build/tools/lleq/lleq+0x10059265c)
 #3 0x000000018e127744 (/usr/lib/system/libsystem_platform.dylib+0x1804fb744)
 #4 0x000000018e11d8d"
montgomery2edwards,Montgomery2Edwards_0,verify,verified,2.654386,
montgomery2edwards,Montgomery2Edwards_0,wp,timeout,120.048025,timeout
montgomeryadd,MontgomeryAdd_0,verify,verified,3.609357,
montgomeryadd,MontgomeryAdd_0,wp,timeout,120.070360,timeout
montgomerydouble,MontgomeryDouble_0,verify,verified,4.852943,
montgomerydouble,MontgomeryDouble_0,wp,timeout,120.043607,timeout
mul_test,Mul_1,verify,timeout,120.056791,timeout
mul_test,Mul_1,wp,error,0.909835,"libc++abi: terminating due to uncaught exception of type cvc5::CVC5ApiException: Expecting a integer term as the first argument in 'mod'
 #0 0x0000000100b39a74 llvm::sys::PrintStackTrace(llvm::raw_ostream&, int) (/Users/raghav/Veridise/LLEQ/build/tools/lleq/lleq+0x100591a74)
 #1 0x0000000100b37584 llvm::sys::RunSignalHandlers() (/Users/raghav/Veridise/LLEQ/build/tools/lleq/lleq+0x10058f584)
 #2 0x0000000100b3a65c SignalHandler(int) (/Users/raghav/Veridise/LLEQ/build/tools/lleq/lleq+0x10059265c)
"
mux1_1,Main_4,verify,error,1.210925,"LLVM ERROR: could not create SourceRef child for member reference
 #0 0x0000000104ecda74 llvm::sys::PrintStackTrace(llvm::raw_ostream&, int) (/Users/raghav/Veridise/LLEQ/build/tools/lleq/lleq+0x100591a74)
 #1 0x0000000104ecb584 llvm::sys::RunSignalHandlers() (/Users/raghav/Veridise/LLEQ/build/tools/lleq/lleq+0x10058f584)
 #2 0x0000000104ece65c SignalHandler(int) (/Users/raghav/Veridise/LLEQ/build/tools/lleq/lleq+0x10059265c)
 #3 0x000000018e127744 (/usr/lib/system/libsystem_platform.dylib+0x1804"
mux1_1,Main_4,wp,error,0.753411,"LLVM ERROR: unknown subcomponent type
 #0 0x0000000102e49a74 llvm::sys::PrintStackTrace(llvm::raw_ostream&, int) (/Users/raghav/Veridise/LLEQ/build/tools/lleq/lleq+0x100591a74)
 #1 0x0000000102e47584 llvm::sys::RunSignalHandlers() (/Users/raghav/Veridise/LLEQ/build/tools/lleq/lleq+0x10058f584)
 #2 0x0000000102e4a65c SignalHandler(int) (/Users/raghav/Veridise/LLEQ/build/tools/lleq/lleq+0x10059265c)
 #3 0x000000018e127744 (/usr/lib/system/libsystem_platform.dylib+0x1804fb744)
 #4 0x000000018e11d8d"
mux2_1,Main_4,verify,error,2.067613,"LLVM ERROR: could not create SourceRef child for member reference
 #0 0x0000000102769a74 llvm::sys::PrintStackTrace(llvm::raw_ostream&, int) (/Users/raghav/Veridise/LLEQ/build/tools/lleq/lleq+0x100591a74)
 #1 0x0000000102767584 llvm::sys::RunSignalHandlers() (/Users/raghav/Veridise/LLEQ/build/tools/lleq/lleq+0x10058f584)
 #2 0x000000010276a65c SignalHandler(int) (/Users/raghav/Veridise/LLEQ/build/tools/lleq/lleq+0x10059265c)
 #3 0x000000018e127744 (/usr/lib/system/libsystem_platform.dylib+0x1804"
mux2_1,Main_4,wp,error,0.552120,"LLVM ERROR: unknown subcomponent type
 #0 0x0000000102d0da74 llvm::sys::PrintStackTrace(llvm::raw_ostream&, int) (/Users/raghav/Veridise/LLEQ/build/tools/lleq/lleq+0x100591a74)
 #1 0x0000000102d0b584 llvm::sys::RunSignalHandlers() (/Users/raghav/Veridise/LLEQ/build/tools/lleq/lleq+0x10058f584)
 #2 0x0000000102d0e65c SignalHandler(int) (/Users/raghav/Veridise/LLEQ/build/tools/lleq/lleq+0x10059265c)
 #3 0x000000018e127744 (/usr/lib/system/libsystem_platform.dylib+0x1804fb744)
 #4 0x000000018e11d8d"
mux3_1,Main_4,verify,error,4.310159,"LLVM ERROR: could not create SourceRef child for member reference
 #0 0x0000000105531a74 llvm::sys::PrintStackTrace(llvm::raw_ostream&, int) (/Users/raghav/Veridise/LLEQ/build/tools/lleq/lleq+0x100591a74)
 #1 0x000000010552f584 llvm::sys::RunSignalHandlers() (/Users/raghav/Veridise/LLEQ/build/tools/lleq/lleq+0x10058f584)
 #2 0x000000010553265c SignalHandler(int) (/Users/raghav/Veridise/LLEQ/build/tools/lleq/lleq+0x10059265c)
 #3 0x000000018e127744 (/usr/lib/system/libsystem_platform.dylib+0x1804"
mux3_1,Main_4,wp,error,0.479561,"LLVM ERROR: unknown subcomponent type
 #0 0x00000001051b9a74 llvm::sys::PrintStackTrace(llvm::raw_ostream&, int) (/Users/raghav/Veridise/LLEQ/build/tools/lleq/lleq+0x100591a74)
 #1 0x00000001051b7584 llvm::sys::RunSignalHandlers() (/Users/raghav/Veridise/LLEQ/build/tools/lleq/lleq+0x10058f584)
 #2 0x00000001051ba65c SignalHandler(int) (/Users/raghav/Veridise/LLEQ/build/tools/lleq/lleq+0x10059265c)
 #3 0x000000018e127744 (/usr/lib/system/libsystem_platform.dylib+0x1804fb744)
 #4 0x000000018e11d8d"
mux4_1,Main_4,verify,error,9.648989,"LLVM ERROR: could not create SourceRef child for member reference
 #0 0x0000000103301a74 llvm::sys::PrintStackTrace(llvm::raw_ostream&, int) (/Users/raghav/Veridise/LLEQ/build/tools/lleq/lleq+0x100591a74)
 #1 0x00000001032ff584 llvm::sys::RunSignalHandlers() (/Users/raghav/Veridise/LLEQ/build/tools/lleq/lleq+0x10058f584)
 #2 0x000000010330265c SignalHandler(int) (/Users/raghav/Veridise/LLEQ/build/tools/lleq/lleq+0x10059265c)
 #3 0x000000018e127744 (/usr/lib/system/libsystem_platform.dylib+0x1804"
mux4_1,Main_4,wp,error,0.341190,"LLVM ERROR: unknown subcomponent type
 #0 0x00000001009a5a74 llvm::sys::PrintStackTrace(llvm::raw_ostream&, int) (/Users/raghav/Veridise/LLEQ/build/tools/lleq/lleq+0x100591a74)
 #1 0x00000001009a3584 llvm::sys::RunSignalHandlers() (/Users/raghav/Veridise/LLEQ/build/tools/lleq/lleq+0x10058f584)
 #2 0x00000001009a665c SignalHandler(int) (/Users/raghav/Veridise/LLEQ/build/tools/lleq/lleq+0x10059265c)
 #3 0x000000018e127744 (/usr/lib/system/libsystem_platform.dylib+0x1804fb744)
 #4 0x000000018e11d8d"
mux_decode,Decoder_0,verify,error,8.825163,"error: loc(""/Users/raghav/Veridise/LLEQ/examples/circom-examples/mux_decode.llzk"":13:19):unsupported expression op
note: loc(""/Users/raghav/Veridise/LLEQ/examples/circom-examples/mux_decode.llzk"":13:19):see current operation: %129 = ""array.new""() <{mapOpGroupSizes = array<i32>, numDimsPerMap = array<i32>, operandSegmentSizes = array<i32: 0, 0>}> : () -> !array.type<1 x !felt.type<""babybear"">>
LLVM ERROR: SMT emission failed
 #0 0x0000000103075a74 llvm::sys::PrintStackTrace(llvm::raw_ostream&, in"
mux_decode,Decoder_0,wp,counterexample,0.411316,sat
mux_ep,EscalarProduct_0,verify,partial,20.907374,verification finished with unknown members
mux_ep,EscalarProduct_0,wp,counterexample,0.127248,sat
outer_test,outer_0,verify,verified,6.816232,
outer_test,outer_0,wp,counterexample,0.446181,sat
pad_test,Pad_0,verify,timeout,120.124960,timeout
pad_test,Pad_0,wp,error,0.370172,"Checking invariant (forall ((x0 Int)) (=> (and (<= 0 x0) (< x0 8) (= (mod (- x0 0) 1) 0)) true))
(set-logic ALL)
(declare-const out2_c (Array Int Int))
(declare-const out2_w (Array Int Int))
(declare-const out_c (Array Int Int))
(declare-const out_w (Array Int Int))
(assert (forall ((i0 Int)) (let ((_let_1 (select out2_c i0))) (=> (and (<= 0 i0) (<= i0 1087)) (and (<= 0 _let_1) (<= _let_1 2013265920))))))
(assert (forall ((i0 Int)) (let ((_let_1 (select out2_w i0))) (=> (and (<= 0 i0) (<= i0 108"
pointbits_loopback,Main_9,verify,error,97.688366,"Assertion failed: ((((slen-1)*64)/22 <= numbits || radix != 10) && ""Insufficient bit width""), function fromString, file /nix/var/nix/builds/nix-24581-489863541/llvm-src-20.1.8/llvm/lib/Support/APInt.cpp, line 2106.
 #0 0x0000000102881a74 llvm::sys::PrintStackTrace(llvm::raw_ostream&, int) (/Users/raghav/Veridise/LLEQ/build/tools/lleq/lleq+0x100591a74)
 #1 0x000000010287f584 llvm::sys::RunSignalHandlers() (/Users/raghav/Veridise/LLEQ/build/tools/lleq/lleq+0x10058f584)
 #2 0x000000010288265c Signa"
pointbits_loopback,Main_9,wp,error,0.220653,"LLVM ERROR: unknown subcomponent type
 #0 0x0000000103551a74 llvm::sys::PrintStackTrace(llvm::raw_ostream&, int) (/Users/raghav/Veridise/LLEQ/build/tools/lleq/lleq+0x100591a74)
 #1 0x000000010354f584 llvm::sys::RunSignalHandlers() (/Users/raghav/Veridise/LLEQ/build/tools/lleq/lleq+0x10058f584)
 #2 0x000000010355265c SignalHandler(int) (/Users/raghav/Veridise/LLEQ/build/tools/lleq/lleq+0x10059265c)
 #3 0x000000018e127744 (/usr/lib/system/libsystem_platform.dylib+0x1804fb744)
 #4 0x000000018e11d8d"
queryTest,Query_9,verify,error,14.825832,"LLVM ERROR: could not create SourceRef child for member reference
 #0 0x0000000100745a74 llvm::sys::PrintStackTrace(llvm::raw_ostream&, int) (/Users/raghav/Veridise/LLEQ/build/tools/lleq/lleq+0x100591a74)
 #1 0x0000000100743584 llvm::sys::RunSignalHandlers() (/Users/raghav/Veridise/LLEQ/build/tools/lleq/lleq+0x10058f584)
 #2 0x000000010074665c SignalHandler(int) (/Users/raghav/Veridise/LLEQ/build/tools/lleq/lleq+0x10059265c)
 #3 0x000000018e127744 (/usr/lib/system/libsystem_platform.dylib+0x1804"
queryTest,Query_9,wp,error,0.378454,"LLVM ERROR: unknown subcomponent type
 #0 0x0000000102e7da74 llvm::sys::PrintStackTrace(llvm::raw_ostream&, int) (/Users/raghav/Veridise/LLEQ/build/tools/lleq/lleq+0x100591a74)
 #1 0x0000000102e7b584 llvm::sys::RunSignalHandlers() (/Users/raghav/Veridise/LLEQ/build/tools/lleq/lleq+0x10058f584)
 #2 0x0000000102e7e65c SignalHandler(int) (/Users/raghav/Veridise/LLEQ/build/tools/lleq/lleq+0x10059265c)
 #3 0x000000018e127744 (/usr/lib/system/libsystem_platform.dylib+0x1804fb744)
 #4 0x000000018e11d8d"
quinGeneratePathIndices_test,QuinGeneratePathIndices_3,verify,error,2.572248,"LLVM ERROR: could not create SourceRef child for member reference
 #0 0x0000000104a71a74 llvm::sys::PrintStackTrace(llvm::raw_ostream&, int) (/Users/raghav/Veridise/LLEQ/build/tools/lleq/lleq+0x100591a74)
 #1 0x0000000104a6f584 llvm::sys::RunSignalHandlers() (/Users/raghav/Veridise/LLEQ/build/tools/lleq/lleq+0x10058f584)
 #2 0x0000000104a7265c SignalHandler(int) (/Users/raghav/Veridise/LLEQ/build/tools/lleq/lleq+0x10059265c)
 #3 0x000000018e127744 (/usr/lib/system/libsystem_platform.dylib+0x1804"
quinGeneratePathIndices_test,QuinGeneratePathIndices_3,wp,error,0.532597,"LLVM ERROR: unknown subcomponent type
 #0 0x0000000104a21a74 llvm::sys::PrintStackTrace(llvm::raw_ostream&, int) (/Users/raghav/Veridise/LLEQ/build/tools/lleq/lleq+0x100591a74)
 #1 0x0000000104a1f584 llvm::sys::RunSignalHandlers() (/Users/raghav/Veridise/LLEQ/build/tools/lleq/lleq+0x10058f584)
 #2 0x0000000104a2265c SignalHandler(int) (/Users/raghav/Veridise/LLEQ/build/tools/lleq/lleq+0x10059265c)
 #3 0x000000018e127744 (/usr/lib/system/libsystem_platform.dylib+0x1804fb744)
 #4 0x000000018e11d8d"
quinSelector_test,QuinSelector_5,verify,error,3.725452,"LLVM ERROR: could not create SourceRef child for member reference
 #0 0x000000010100da74 llvm::sys::PrintStackTrace(llvm::raw_ostream&, int) (/Users/raghav/Veridise/LLEQ/build/tools/lleq/lleq+0x100591a74)
 #1 0x000000010100b584 llvm::sys::RunSignalHandlers() (/Users/raghav/Veridise/LLEQ/build/tools/lleq/lleq+0x10058f584)
 #2 0x000000010100e65c SignalHandler(int) (/Users/raghav/Veridise/LLEQ/build/tools/lleq/lleq+0x10059265c)
 #3 0x000000018e127744 (/usr/lib/system/libsystem_platform.dylib+0x1804"
quinSelector_test,QuinSelector_5,wp,error,0.746194,"LLVM ERROR: unknown subcomponent type
 #0 0x0000000100de9a74 llvm::sys::PrintStackTrace(llvm::raw_ostream&, int) (/Users/raghav/Veridise/LLEQ/build/tools/lleq/lleq+0x100591a74)
 #1 0x0000000100de7584 llvm::sys::RunSignalHandlers() (/Users/raghav/Veridise/LLEQ/build/tools/lleq/lleq+0x10058f584)
 #2 0x0000000100dea65c SignalHandler(int) (/Users/raghav/Veridise/LLEQ/build/tools/lleq/lleq+0x10059265c)
 #3 0x000000018e127744 (/usr/lib/system/libsystem_platform.dylib+0x1804fb744)
 #4 0x000000018e11d8d"
rhopi_test,RhoPi_74,verify,timeout,120.121547,timeout
rhopi_test,RhoPi_74,wp,error,0.436779,"LLVM ERROR: unknown subcomponent type
 #0 0x0000000100c25a74 llvm::sys::PrintStackTrace(llvm::raw_ostream&, int) (/Users/raghav/Veridise/LLEQ/build/tools/lleq/lleq+0x100591a74)
 #1 0x0000000100c23584 llvm::sys::RunSignalHandlers() (/Users/raghav/Veridise/LLEQ/build/tools/lleq/lleq+0x10058f584)
 #2 0x0000000100c2665c SignalHandler(int) (/Users/raghav/Veridise/LLEQ/build/tools/lleq/lleq+0x10059265c)
 #3 0x000000018e127744 (/usr/lib/system/libsystem_platform.dylib+0x1804fb744)
 #4 0x000000018e11d8d"
sign_test,Sign_2,verify,error,30.546186,"Assertion failed: ((((slen-1)*64)/22 <= numbits || radix != 10) && ""Insufficient bit width""), function fromString, file /nix/var/nix/builds/nix-24581-489863541/llvm-src-20.1.8/llvm/lib/Support/APInt.cpp, line 2106.
 #0 0x0000000102c4da74 llvm::sys::PrintStackTrace(llvm::raw_ostream&, int) (/Users/raghav/Veridise/LLEQ/build/tools/lleq/lleq+0x100591a74)
 #1 0x0000000102c4b584 llvm::sys::RunSignalHandlers() (/Users/raghav/Veridise/LLEQ/build/tools/lleq/lleq+0x10058f584)
 #2 0x0000000102c4e65c Signa"
sign_test,Sign_2,wp,error,0.263962,"LLVM ERROR: unknown subcomponent type
 #0 0x0000000104b55a74 llvm::sys::PrintStackTrace(llvm::raw_ostream&, int) (/Users/raghav/Veridise/LLEQ/build/tools/lleq/lleq+0x100591a74)
 #1 0x0000000104b53584 llvm::sys::RunSignalHandlers() (/Users/raghav/Veridise/LLEQ/build/tools/lleq/lleq+0x10058f584)
 #2 0x0000000104b5665c SignalHandler(int) (/Users/raghav/Veridise/LLEQ/build/tools/lleq/lleq+0x10059265c)
 #3 0x000000018e127744 (/usr/lib/system/libsystem_platform.dylib+0x1804fb744)
 #4 0x000000018e11d8d"
splicer_test,Splicer_9,verify,error,27.692366,"LLVM ERROR: could not create SourceRef child for member reference
 #0 0x0000000102b81a74 llvm::sys::PrintStackTrace(llvm::raw_ostream&, int) (/Users/raghav/Veridise/LLEQ/build/tools/lleq/lleq+0x100591a74)
 #1 0x0000000102b7f584 llvm::sys::RunSignalHandlers() (/Users/raghav/Veridise/LLEQ/build/tools/lleq/lleq+0x10058f584)
 #2 0x0000000102b8265c SignalHandler(int) (/Users/raghav/Veridise/LLEQ/build/tools/lleq/lleq+0x10059265c)
 #3 0x000000018e127744 (/usr/lib/system/libsystem_platform.dylib+0x1804"
splicer_test,Splicer_9,wp,error,0.351598,"LLVM ERROR: unknown subcomponent type
 #0 0x0000000104cada74 llvm::sys::PrintStackTrace(llvm::raw_ostream&, int) (/Users/raghav/Veridise/LLEQ/build/tools/lleq/lleq+0x100591a74)
 #1 0x0000000104cab584 llvm::sys::RunSignalHandlers() (/Users/raghav/Veridise/LLEQ/build/tools/lleq/lleq+0x10058f584)
 #2 0x0000000104cae65c SignalHandler(int) (/Users/raghav/Veridise/LLEQ/build/tools/lleq/lleq+0x10059265c)
 #3 0x000000018e127744 (/usr/lib/system/libsystem_platform.dylib+0x1804fb744)
 #4 0x000000018e11d8d"
squeeze_test,Squeeze_0,verify,timeout,120.057550,timeout
squeeze_test,Squeeze_0,wp,counterexample,0.204020,sat
sum_test,A_3,verify,timeout,120.027129,timeout
sum_test,A_3,wp,error,0.195797,"LLVM ERROR: arbitrary function calls not supported yet
 #0 0x0000000100a39a74 llvm::sys::PrintStackTrace(llvm::raw_ostream&, int) (/Users/raghav/Veridise/LLEQ/build/tools/lleq/lleq+0x100591a74)
 #1 0x0000000100a37584 llvm::sys::RunSignalHandlers() (/Users/raghav/Veridise/LLEQ/build/tools/lleq/lleq+0x10058f584)
 #2 0x0000000100a3a65c SignalHandler(int) (/Users/raghav/Veridise/LLEQ/build/tools/lleq/lleq+0x10059265c)
 #3 0x000000018e127744 (/usr/lib/system/libsystem_platform.dylib+0x1804fb744)
 #4 "
test_bigadd_15,BigAdd_4,verify,error,2.885564,"LLVM ERROR: could not create SourceRef child for member reference
 #0 0x0000000100d29a74 llvm::sys::PrintStackTrace(llvm::raw_ostream&, int) (/Users/raghav/Veridise/LLEQ/build/tools/lleq/lleq+0x100591a74)
 #1 0x0000000100d27584 llvm::sys::RunSignalHandlers() (/Users/raghav/Veridise/LLEQ/build/tools/lleq/lleq+0x10058f584)
 #2 0x0000000100d2a65c SignalHandler(int) (/Users/raghav/Veridise/LLEQ/build/tools/lleq/lleq+0x10059265c)
 #3 0x000000018e127744 (/usr/lib/system/libsystem_platform.dylib+0x1804"
test_bigadd_15,BigAdd_4,wp,error,0.502613,"LLVM ERROR: unknown subcomponent type
 #0 0x0000000100f31a74 llvm::sys::PrintStackTrace(llvm::raw_ostream&, int) (/Users/raghav/Veridise/LLEQ/build/tools/lleq/lleq+0x100591a74)
 #1 0x0000000100f2f584 llvm::sys::RunSignalHandlers() (/Users/raghav/Veridise/LLEQ/build/tools/lleq/lleq+0x10058f584)
 #2 0x0000000100f3265c SignalHandler(int) (/Users/raghav/Veridise/LLEQ/build/tools/lleq/lleq+0x10059265c)
 #3 0x000000018e127744 (/usr/lib/system/libsystem_platform.dylib+0x1804fb744)
 #4 0x000000018e11d8d"
test_bigadd_23,BigAdd_4,verify,error,1.804537,"LLVM ERROR: could not create SourceRef child for member reference
 #0 0x0000000100771a74 llvm::sys::PrintStackTrace(llvm::raw_ostream&, int) (/Users/raghav/Veridise/LLEQ/build/tools/lleq/lleq+0x100591a74)
 #1 0x000000010076f584 llvm::sys::RunSignalHandlers() (/Users/raghav/Veridise/LLEQ/build/tools/lleq/lleq+0x10058f584)
 #2 0x000000010077265c SignalHandler(int) (/Users/raghav/Veridise/LLEQ/build/tools/lleq/lleq+0x10059265c)
 #3 0x000000018e127744 (/usr/lib/system/libsystem_platform.dylib+0x1804"
test_bigadd_23,BigAdd_4,wp,error,0.613699,"LLVM ERROR: unknown subcomponent type
 #0 0x0000000102fada74 llvm::sys::PrintStackTrace(llvm::raw_ostream&, int) (/Users/raghav/Veridise/LLEQ/build/tools/lleq/lleq+0x100591a74)
 #1 0x0000000102fab584 llvm::sys::RunSignalHandlers() (/Users/raghav/Veridise/LLEQ/build/tools/lleq/lleq+0x10058f584)
 #2 0x0000000102fae65c SignalHandler(int) (/Users/raghav/Veridise/LLEQ/build/tools/lleq/lleq+0x10059265c)
 #3 0x000000018e127744 (/usr/lib/system/libsystem_platform.dylib+0x1804fb744)
 #4 0x000000018e11d8d"
test_biglessthan_23,BigLessThan_6,verify,error,4.169140,"LLVM ERROR: while->for conversion failed
 #0 0x0000000104deda74 llvm::sys::PrintStackTrace(llvm::raw_ostream&, int) (/Users/raghav/Veridise/LLEQ/build/tools/lleq/lleq+0x100591a74)
 #1 0x0000000104deb584 llvm::sys::RunSignalHandlers() (/Users/raghav/Veridise/LLEQ/build/tools/lleq/lleq+0x10058f584)
 #2 0x0000000104dee65c SignalHandler(int) (/Users/raghav/Veridise/LLEQ/build/tools/lleq/lleq+0x10059265c)
 #3 0x000000018e127744 (/usr/lib/system/libsystem_platform.dylib+0x1804fb744)
 #4 0x000000018e11"
test_biglessthan_23,BigLessThan_6,wp,error,0.534380,"LLVM ERROR: unknown subcomponent type
 #0 0x0000000100d9da74 llvm::sys::PrintStackTrace(llvm::raw_ostream&, int) (/Users/raghav/Veridise/LLEQ/build/tools/lleq/lleq+0x100591a74)
 #1 0x0000000100d9b584 llvm::sys::RunSignalHandlers() (/Users/raghav/Veridise/LLEQ/build/tools/lleq/lleq+0x10058f584)
 #2 0x0000000100d9e65c SignalHandler(int) (/Users/raghav/Veridise/LLEQ/build/tools/lleq/lleq+0x10059265c)
 #3 0x000000018e127744 (/usr/lib/system/libsystem_platform.dylib+0x1804fb744)
 #4 0x000000018e11d8d"
test_bigmod_22,BigMod_16,verify,error,9.721947,"Assertion failed: (!impl->wasOpReplaced(op) && ""attempting to modify a replaced/erased op""), function startOpModification, file /nix/var/nix/builds/nix-63599-2589559352/mlir-debug-src-20.1.8/mlir/lib/Transforms/Utils/DialectConversion.cpp, line 1793.
 #0 0x0000000102d41a74 llvm::sys::PrintStackTrace(llvm::raw_ostream&, int) (/Users/raghav/Veridise/LLEQ/build/tools/lleq/lleq+0x100591a74)
 #1 0x0000000102d3f584 llvm::sys::RunSignalHandlers() (/Users/raghav/Veridise/LLEQ/build/tools/lleq/lleq+0x100"
test_bigmod_22,BigMod_16,wp,error,1.323417,"LLVM ERROR: unknown subcomponent type
 #0 0x00000001014ada74 llvm::sys::PrintStackTrace(llvm::raw_ostream&, int) (/Users/raghav/Veridise/LLEQ/build/tools/lleq/lleq+0x100591a74)
 #1 0x00000001014ab584 llvm::sys::RunSignalHandlers() (/Users/raghav/Veridise/LLEQ/build/tools/lleq/lleq+0x10058f584)
 #2 0x00000001014ae65c SignalHandler(int) (/Users/raghav/Veridise/LLEQ/build/tools/lleq/lleq+0x10059265c)
 #3 0x000000018e127744 (/usr/lib/system/libsystem_platform.dylib+0x1804fb744)
 #4 0x000000018e11d8d"
test_bigmod_32,BigMod_16,verify,error,9.551650,"Assertion failed: (!impl->wasOpReplaced(op) && ""attempting to modify a replaced/erased op""), function startOpModification, file /nix/var/nix/builds/nix-63599-2589559352/mlir-debug-src-20.1.8/mlir/lib/Transforms/Utils/DialectConversion.cpp, line 1793.
 #0 0x00000001012cda74 llvm::sys::PrintStackTrace(llvm::raw_ostream&, int) (/Users/raghav/Veridise/LLEQ/build/tools/lleq/lleq+0x100591a74)
 #1 0x00000001012cb584 llvm::sys::RunSignalHandlers() (/Users/raghav/Veridise/LLEQ/build/tools/lleq/lleq+0x100"
test_bigmod_32,BigMod_16,wp,error,1.102345,"LLVM ERROR: unknown subcomponent type
 #0 0x0000000104cc9a74 llvm::sys::PrintStackTrace(llvm::raw_ostream&, int) (/Users/raghav/Veridise/LLEQ/build/tools/lleq/lleq+0x100591a74)
 #1 0x0000000104cc7584 llvm::sys::RunSignalHandlers() (/Users/raghav/Veridise/LLEQ/build/tools/lleq/lleq+0x10058f584)
 #2 0x0000000104cca65c SignalHandler(int) (/Users/raghav/Veridise/LLEQ/build/tools/lleq/lleq+0x10059265c)
 #3 0x000000018e127744 (/usr/lib/system/libsystem_platform.dylib+0x1804fb744)
 #4 0x000000018e11d8d"
test_bigmult_21,BigMult_4,verify,error,1.470286,"LLVM ERROR: while->for conversion failed
 #0 0x0000000102771a74 llvm::sys::PrintStackTrace(llvm::raw_ostream&, int) (/Users/raghav/Veridise/LLEQ/build/tools/lleq/lleq+0x100591a74)
 #1 0x000000010276f584 llvm::sys::RunSignalHandlers() (/Users/raghav/Veridise/LLEQ/build/tools/lleq/lleq+0x10058f584)
 #2 0x000000010277265c SignalHandler(int) (/Users/raghav/Veridise/LLEQ/build/tools/lleq/lleq+0x10059265c)
 #3 0x000000018e127744 (/usr/lib/system/libsystem_platform.dylib+0x1804fb744)
 #4 0x000000018e11"
test_bigmult_21,BigMult_4,wp,error,0.581258,"LLVM ERROR: unknown subcomponent type
 #0 0x0000000105489a74 llvm::sys::PrintStackTrace(llvm::raw_ostream&, int) (/Users/raghav/Veridise/LLEQ/build/tools/lleq/lleq+0x100591a74)
 #1 0x0000000105487584 llvm::sys::RunSignalHandlers() (/Users/raghav/Veridise/LLEQ/build/tools/lleq/lleq+0x10058f584)
 #2 0x000000010548a65c SignalHandler(int) (/Users/raghav/Veridise/LLEQ/build/tools/lleq/lleq+0x10059265c)
 #3 0x000000018e127744 (/usr/lib/system/libsystem_platform.dylib+0x1804fb744)
 #4 0x000000018e11d8d"
test_bigmult_22,BigMult_4,verify,error,3.415990,"LLVM ERROR: could not create SourceRef child for member reference
 #0 0x0000000104f85a74 llvm::sys::PrintStackTrace(llvm::raw_ostream&, int) (/Users/raghav/Veridise/LLEQ/build/tools/lleq/lleq+0x100591a74)
 #1 0x0000000104f83584 llvm::sys::RunSignalHandlers() (/Users/raghav/Veridise/LLEQ/build/tools/lleq/lleq+0x10058f584)
 #2 0x0000000104f8665c SignalHandler(int) (/Users/raghav/Veridise/LLEQ/build/tools/lleq/lleq+0x10059265c)
 #3 0x000000018e127744 (/usr/lib/system/libsystem_platform.dylib+0x1804"
test_bigmult_22,BigMult_4,wp,error,0.362807,"LLVM ERROR: unknown subcomponent type
 #0 0x0000000100aa5a74 llvm::sys::PrintStackTrace(llvm::raw_ostream&, int) (/Users/raghav/Veridise/LLEQ/build/tools/lleq/lleq+0x100591a74)
 #1 0x0000000100aa3584 llvm::sys::RunSignalHandlers() (/Users/raghav/Veridise/LLEQ/build/tools/lleq/lleq+0x10058f584)
 #2 0x0000000100aa665c SignalHandler(int) (/Users/raghav/Veridise/LLEQ/build/tools/lleq/lleq+0x10059265c)
 #3 0x000000018e127744 (/usr/lib/system/libsystem_platform.dylib+0x1804fb744)
 #4 0x000000018e11d8d"
test_bigmult_23,BigMult_4,verify,error,5.584788,"LLVM ERROR: could not create SourceRef child for member reference
 #0 0x00000001053f1a74 llvm::sys::PrintStackTrace(llvm::raw_ostream&, int) (/Users/raghav/Veridise/LLEQ/build/tools/lleq/lleq+0x100591a74)
 #1 0x00000001053ef584 llvm::sys::RunSignalHandlers() (/Users/raghav/Veridise/LLEQ/build/tools/lleq/lleq+0x10058f584)
 #2 0x00000001053f265c SignalHandler(int) (/Users/raghav/Veridise/LLEQ/build/tools/lleq/lleq+0x10059265c)
 #3 0x000000018e127744 (/usr/lib/system/libsystem_platform.dylib+0x1804"
test_bigmult_23,BigMult_4,wp,error,0.574272,"LLVM ERROR: unknown subcomponent type
 #0 0x00000001047fda74 llvm::sys::PrintStackTrace(llvm::raw_ostream&, int) (/Users/raghav/Veridise/LLEQ/build/tools/lleq/lleq+0x100591a74)
 #1 0x00000001047fb584 llvm::sys::RunSignalHandlers() (/Users/raghav/Veridise/LLEQ/build/tools/lleq/lleq+0x10058f584)
 #2 0x00000001047fe65c SignalHandler(int) (/Users/raghav/Veridise/LLEQ/build/tools/lleq/lleq+0x10059265c)
 #3 0x000000018e127744 (/usr/lib/system/libsystem_platform.dylib+0x1804fb744)
 #4 0x000000018e11d8d"
test_bigsub_15,BigSub_6,verify,error,2.913023,"LLVM ERROR: could not create SourceRef child for member reference
 #0 0x0000000104fe1a74 llvm::sys::PrintStackTrace(llvm::raw_ostream&, int) (/Users/raghav/Veridise/LLEQ/build/tools/lleq/lleq+0x100591a74)
 #1 0x0000000104fdf584 llvm::sys::RunSignalHandlers() (/Users/raghav/Veridise/LLEQ/build/tools/lleq/lleq+0x10058f584)
 #2 0x0000000104fe265c SignalHandler(int) (/Users/raghav/Veridise/LLEQ/build/tools/lleq/lleq+0x10059265c)
 #3 0x000000018e127744 (/usr/lib/system/libsystem_platform.dylib+0x1804"
test_bigsub_15,BigSub_6,wp,error,0.350039,"LLVM ERROR: unknown subcomponent type
 #0 0x0000000104999a74 llvm::sys::PrintStackTrace(llvm::raw_ostream&, int) (/Users/raghav/Veridise/LLEQ/build/tools/lleq/lleq+0x100591a74)
 #1 0x0000000104997584 llvm::sys::RunSignalHandlers() (/Users/raghav/Veridise/LLEQ/build/tools/lleq/lleq+0x10058f584)
 #2 0x000000010499a65c SignalHandler(int) (/Users/raghav/Veridise/LLEQ/build/tools/lleq/lleq+0x10059265c)
 #3 0x000000018e127744 (/usr/lib/system/libsystem_platform.dylib+0x1804fb744)
 #4 0x000000018e11d8d"
test_bigsub_23,BigSub_6,verify,error,2.115131,"LLVM ERROR: could not create SourceRef child for member reference
 #0 0x0000000102821a74 llvm::sys::PrintStackTrace(llvm::raw_ostream&, int) (/Users/raghav/Veridise/LLEQ/build/tools/lleq/lleq+0x100591a74)
 #1 0x000000010281f584 llvm::sys::RunSignalHandlers() (/Users/raghav/Veridise/LLEQ/build/tools/lleq/lleq+0x10058f584)
 #2 0x000000010282265c SignalHandler(int) (/Users/raghav/Veridise/LLEQ/build/tools/lleq/lleq+0x10059265c)
 #3 0x000000018e127744 (/usr/lib/system/libsystem_platform.dylib+0x1804"
test_bigsub_23,BigSub_6,wp,error,0.312606,"LLVM ERROR: unknown subcomponent type
 #0 0x0000000105191a74 llvm::sys::PrintStackTrace(llvm::raw_ostream&, int) (/Users/raghav/Veridise/LLEQ/build/tools/lleq/lleq+0x100591a74)
 #1 0x000000010518f584 llvm::sys::RunSignalHandlers() (/Users/raghav/Veridise/LLEQ/build/tools/lleq/lleq+0x10058f584)
 #2 0x000000010519265c SignalHandler(int) (/Users/raghav/Veridise/LLEQ/build/tools/lleq/lleq+0x10059265c)
 #3 0x000000018e127744 (/usr/lib/system/libsystem_platform.dylib+0x1804fb744)
 #4 0x000000018e11d8d"
test_bigsubmodp_32,BigSubModP_10,verify,error,2.568552,"LLVM ERROR: could not create SourceRef child for member reference
 #0 0x0000000100d6da74 llvm::sys::PrintStackTrace(llvm::raw_ostream&, int) (/Users/raghav/Veridise/LLEQ/build/tools/lleq/lleq+0x100591a74)
 #1 0x0000000100d6b584 llvm::sys::RunSignalHandlers() (/Users/raghav/Veridise/LLEQ/build/tools/lleq/lleq+0x10058f584)
 #2 0x0000000100d6e65c SignalHandler(int) (/Users/raghav/Veridise/LLEQ/build/tools/lleq/lleq+0x10059265c)
 #3 0x000000018e127744 (/usr/lib/system/libsystem_platform.dylib+0x1804"
test_bigsubmodp_32,BigSubModP_10,wp,error,0.422093,"LLVM ERROR: unknown subcomponent type
 #0 0x0000000102f55a74 llvm::sys::PrintStackTrace(llvm::raw_ostream&, int) (/Users/raghav/Veridise/LLEQ/build/tools/lleq/lleq+0x100591a74)
 #1 0x0000000102f53584 llvm::sys::RunSignalHandlers() (/Users/raghav/Veridise/LLEQ/build/tools/lleq/lleq+0x10058f584)
 #2 0x0000000102f5665c SignalHandler(int) (/Users/raghav/Veridise/LLEQ/build/tools/lleq/lleq+0x10059265c)
 #3 0x000000018e127744 (/usr/lib/system/libsystem_platform.dylib+0x1804fb744)
 #4 0x000000018e11d8d"
test_fp12_add_22,Fp12Add_16,verify,error,20.905773,"LLVM ERROR: could not create SourceRef child for member reference
 #0 0x0000000103409a74 llvm::sys::PrintStackTrace(llvm::raw_ostream&, int) (/Users/raghav/Veridise/LLEQ/build/tools/lleq/lleq+0x100591a74)
 #1 0x0000000103407584 llvm::sys::RunSignalHandlers() (/Users/raghav/Veridise/LLEQ/build/tools/lleq/lleq+0x10058f584)
 #2 0x000000010340a65c SignalHandler(int) (/Users/raghav/Veridise/LLEQ/build/tools/lleq/lleq+0x10059265c)
 #3 0x000000018e127744 (/usr/lib/system/libsystem_platform.dylib+0x1804"
test_fp12_add_22,Fp12Add_16,wp,error,0.348555,"LLVM ERROR: unknown subcomponent type
 #0 0x00000001010eda74 llvm::sys::PrintStackTrace(llvm::raw_ostream&, int) (/Users/raghav/Veridise/LLEQ/build/tools/lleq/lleq+0x100591a74)
 #1 0x00000001010eb584 llvm::sys::RunSignalHandlers() (/Users/raghav/Veridise/LLEQ/build/tools/lleq/lleq+0x10058f584)
 #2 0x00000001010ee65c SignalHandler(int) (/Users/raghav/Veridise/LLEQ/build/tools/lleq/lleq+0x10059265c)
 #3 0x000000018e127744 (/usr/lib/system/libsystem_platform.dylib+0x1804fb744)
 #4 0x000000018e11d8d"
test_fp2_add_22,Fp2Add_16,verify,error,5.209030,"LLVM ERROR: could not create SourceRef child for member reference
 #0 0x0000000104c29a74 llvm::sys::PrintStackTrace(llvm::raw_ostream&, int) (/Users/raghav/Veridise/LLEQ/build/tools/lleq/lleq+0x100591a74)
 #1 0x0000000104c27584 llvm::sys::RunSignalHandlers() (/Users/raghav/Veridise/LLEQ/build/tools/lleq/lleq+0x10058f584)
 #2 0x0000000104c2a65c SignalHandler(int) (/Users/raghav/Veridise/LLEQ/build/tools/lleq/lleq+0x10059265c)
 #3 0x000000018e127744 (/usr/lib/system/libsystem_platform.dylib+0x1804"
test_fp2_add_22,Fp2Add_16,wp,error,0.739213,"LLVM ERROR: unknown subcomponent type
 #0 0x0000000104be9a74 llvm::sys::PrintStackTrace(llvm::raw_ostream&, int) (/Users/raghav/Veridise/LLEQ/build/tools/lleq/lleq+0x100591a74)
 #1 0x0000000104be7584 llvm::sys::RunSignalHandlers() (/Users/raghav/Veridise/LLEQ/build/tools/lleq/lleq+0x10058f584)
 #2 0x0000000104bea65c SignalHandler(int) (/Users/raghav/Veridise/LLEQ/build/tools/lleq/lleq+0x10059265c)
 #3 0x000000018e127744 (/usr/lib/system/libsystem_platform.dylib+0x1804fb744)
 #4 0x000000018e11d8d"
test_secp256k1_poc,Secp256k1PointOnCurve_10,verify,error,18.235204,"Assertion failed: (indexAsAttr), function rewriteImpl, file /nix/var/nix/builds/nix-66746-3975906522/source/lib/Dialect/Array/Transforms/ArrayToScalarPass.cpp, line 330.
 #0 0x0000000102ed1a74 llvm::sys::PrintStackTrace(llvm::raw_ostream&, int) (/Users/raghav/Veridise/LLEQ/build/tools/lleq/lleq+0x100591a74)
 #1 0x0000000102ecf584 llvm::sys::RunSignalHandlers() (/Users/raghav/Veridise/LLEQ/build/tools/lleq/lleq+0x10058f584)
 #2 0x0000000102ed265c SignalHandler(int) (/Users/raghav/Veridise/LLEQ/bu"
test_secp256k1_poc,Secp256k1PointOnCurve_10,wp,error,0.648447,"LLVM ERROR: unknown subcomponent type
 #0 0x0000000104cc1a74 llvm::sys::PrintStackTrace(llvm::raw_ostream&, int) (/Users/raghav/Veridise/LLEQ/build/tools/lleq/lleq+0x100591a74)
 #1 0x0000000104cbf584 llvm::sys::RunSignalHandlers() (/Users/raghav/Veridise/LLEQ/build/tools/lleq/lleq+0x10058f584)
 #2 0x0000000104cc265c SignalHandler(int) (/Users/raghav/Veridise/LLEQ/build/tools/lleq/lleq+0x10059265c)
 #3 0x000000018e127744 (/usr/lib/system/libsystem_platform.dylib+0x1804fb744)
 #4 0x000000018e11d8d"
theta_test,Theta_9,verify,timeout,120.028620,timeout
theta_test,Theta_9,wp,error,0.412128,"LLVM ERROR: unknown subcomponent type
 #0 0x0000000102af5a74 llvm::sys::PrintStackTrace(llvm::raw_ostream&, int) (/Users/raghav/Veridise/LLEQ/build/tools/lleq/lleq+0x100591a74)
 #1 0x0000000102af3584 llvm::sys::RunSignalHandlers() (/Users/raghav/Veridise/LLEQ/build/tools/lleq/lleq+0x10058f584)
 #2 0x0000000102af665c SignalHandler(int) (/Users/raghav/Veridise/LLEQ/build/tools/lleq/lleq+0x10059265c)
 #3 0x000000018e127744 (/usr/lib/system/libsystem_platform.dylib+0x1804fb744)
 #4 0x000000018e11d8d"
trace_test,trace_1,verify,error,0.742884,"LLVM ERROR: could not create SourceRef child for member reference
 #0 0x000000010499da74 llvm::sys::PrintStackTrace(llvm::raw_ostream&, int) (/Users/raghav/Veridise/LLEQ/build/tools/lleq/lleq+0x100591a74)
 #1 0x000000010499b584 llvm::sys::RunSignalHandlers() (/Users/raghav/Veridise/LLEQ/build/tools/lleq/lleq+0x10058f584)
 #2 0x000000010499e65c SignalHandler(int) (/Users/raghav/Veridise/LLEQ/build/tools/lleq/lleq+0x10059265c)
 #3 0x000000018e127744 (/usr/lib/system/libsystem_platform.dylib+0x1804"
trace_test,trace_1,wp,error,0.377845,"LLVM ERROR: arbitrary function calls not supported yet
 #0 0x0000000100bc1a74 llvm::sys::PrintStackTrace(llvm::raw_ostream&, int) (/Users/raghav/Veridise/LLEQ/build/tools/lleq/lleq+0x100591a74)
 #1 0x0000000100bbf584 llvm::sys::RunSignalHandlers() (/Users/raghav/Veridise/LLEQ/build/tools/lleq/lleq+0x10058f584)
 #2 0x0000000100bc265c SignalHandler(int) (/Users/raghav/Veridise/LLEQ/build/tools/lleq/lleq+0x10059265c)
 #3 0x000000018e127744 (/usr/lib/system/libsystem_platform.dylib+0x1804fb744)
 #4 "
tranpose_test,transpose_0,verify,verified,0.639531,
tranpose_test,transpose_0,wp,counterexample,0.254607,sat
utils_GetValueByIndex,getValueByIndex_3,verify,error,2.848462,"LLVM ERROR: could not create SourceRef child for member reference
 #0 0x0000000102ae5a74 llvm::sys::PrintStackTrace(llvm::raw_ostream&, int) (/Users/raghav/Veridise/LLEQ/build/tools/lleq/lleq+0x100591a74)
 #1 0x0000000102ae3584 llvm::sys::RunSignalHandlers() (/Users/raghav/Veridise/LLEQ/build/tools/lleq/lleq+0x10058f584)
 #2 0x0000000102ae665c SignalHandler(int) (/Users/raghav/Veridise/LLEQ/build/tools/lleq/lleq+0x10059265c)
 #3 0x000000018e127744 (/usr/lib/system/libsystem_platform.dylib+0x1804"
utils_GetValueByIndex,getValueByIndex_3,wp,error,0.366229,"LLVM ERROR: unknown subcomponent type
 #0 0x00000001012f1a74 llvm::sys::PrintStackTrace(llvm::raw_ostream&, int) (/Users/raghav/Veridise/LLEQ/build/tools/lleq/lleq+0x100591a74)
 #1 0x00000001012ef584 llvm::sys::RunSignalHandlers() (/Users/raghav/Veridise/LLEQ/build/tools/lleq/lleq+0x10058f584)
 #2 0x00000001012f265c SignalHandler(int) (/Users/raghav/Veridise/LLEQ/build/tools/lleq/lleq+0x10059265c)
 #3 0x000000018e127744 (/usr/lib/system/libsystem_platform.dylib+0x1804fb744)
 #4 0x000000018e11d8d"
utils_getClaimExpiration,getClaimExpiration_2,verify,timeout,120.017911,timeout
utils_getClaimExpiration,getClaimExpiration_2,wp,error,0.215797,"LLVM ERROR: arbitrary function calls not supported yet
 #0 0x0000000101159a74 llvm::sys::PrintStackTrace(llvm::raw_ostream&, int) (/Users/raghav/Veridise/LLEQ/build/tools/lleq/lleq+0x100591a74)
 #1 0x0000000101157584 llvm::sys::RunSignalHandlers() (/Users/raghav/Veridise/LLEQ/build/tools/lleq/lleq+0x10058f584)
 #2 0x000000010115a65c SignalHandler(int) (/Users/raghav/Veridise/LLEQ/build/tools/lleq/lleq+0x10059265c)
 #3 0x000000018e127744 (/usr/lib/system/libsystem_platform.dylib+0x1804fb744)
 #4 "
utils_getClaimSubjectOtherIden,getClaimSubjectOtherIden_8,verify,timeout,120.013919,timeout
utils_getClaimSubjectOtherIden,getClaimSubjectOtherIden_8,wp,error,0.209898,"LLVM ERROR: unknown subcomponent type
 #0 0x0000000102d05a74 llvm::sys::PrintStackTrace(llvm::raw_ostream&, int) (/Users/raghav/Veridise/LLEQ/build/tools/lleq/lleq+0x100591a74)
 #1 0x0000000102d03584 llvm::sys::RunSignalHandlers() (/Users/raghav/Veridise/LLEQ/build/tools/lleq/lleq+0x10058f584)
 #2 0x0000000102d0665c SignalHandler(int) (/Users/raghav/Veridise/LLEQ/build/tools/lleq/lleq+0x10059265c)
 #3 0x000000018e127744 (/usr/lib/system/libsystem_platform.dylib+0x1804fb744)
 #4 0x000000018e11d8d"
utils_getSubjectLocation,getSubjectLocation_1,verify,error,0.870738,"LLVM ERROR: could not create SourceRef child for member reference
 #0 0x000000010097da74 llvm::sys::PrintStackTrace(llvm::raw_ostream&, int) (/Users/raghav/Veridise/LLEQ/build/tools/lleq/lleq+0x100591a74)
 #1 0x000000010097b584 llvm::sys::RunSignalHandlers() (/Users/raghav/Veridise/LLEQ/build/tools/lleq/lleq+0x10058f584)
 #2 0x000000010097e65c SignalHandler(int) (/Users/raghav/Veridise/LLEQ/build/tools/lleq/lleq+0x10059265c)
 #3 0x000000018e127744 (/usr/lib/system/libsystem_platform.dylib+0x1804"
utils_getSubjectLocation,getSubjectLocation_1,wp,error,0.362997,"LLVM ERROR: arbitrary function calls not supported yet
 #0 0x0000000102ca5a74 llvm::sys::PrintStackTrace(llvm::raw_ostream&, int) (/Users/raghav/Veridise/LLEQ/build/tools/lleq/lleq+0x100591a74)
 #1 0x0000000102ca3584 llvm::sys::RunSignalHandlers() (/Users/raghav/Veridise/LLEQ/build/tools/lleq/lleq+0x10058f584)
 #2 0x0000000102ca665c SignalHandler(int) (/Users/raghav/Veridise/LLEQ/build/tools/lleq/lleq+0x10059265c)
 #3 0x000000018e127744 (/usr/lib/system/libsystem_platform.dylib+0x1804fb744)
 #4 "
utils_isExpirable,isExpirable_0,verify,verified,0.278862,
utils_isExpirable,isExpirable_0,wp,verified,0.150494,unsat
utils_isUpdatable,isUpdatable_0,verify,verified,0.289750,
utils_isUpdatable,isUpdatable_0,wp,verified,0.105926,unsat
utils_verifyCredentialSubject,verifyCredentialSubject_9,verify,timeout,120.017551,timeout
utils_verifyCredentialSubject,verifyCredentialSubject_9,wp,error,0.191281,"LLVM ERROR: unknown subcomponent type
 #0 0x0000000100d01a74 llvm::sys::PrintStackTrace(llvm::raw_ostream&, int) (/Users/raghav/Veridise/LLEQ/build/tools/lleq/lleq+0x100591a74)
 #1 0x0000000100cff584 llvm::sys::RunSignalHandlers() (/Users/raghav/Veridise/LLEQ/build/tools/lleq/lleq+0x10058f584)
 #2 0x0000000100d0265c SignalHandler(int) (/Users/raghav/Veridise/LLEQ/build/tools/lleq/lleq+0x10059265c)
 #3 0x000000018e127744 (/usr/lib/system/libsystem_platform.dylib+0x1804fb744)
 #4 0x000000018e11d8d"
utils_verifyExpirationTime,verifyExpirationTime_10,verify,timeout,120.026592,timeout
utils_verifyExpirationTime,verifyExpirationTime_10,wp,error,0.189775,"LLVM ERROR: unknown subcomponent type
 #0 0x0000000104615a74 llvm::sys::PrintStackTrace(llvm::raw_ostream&, int) (/Users/raghav/Veridise/LLEQ/build/tools/lleq/lleq+0x100591a74)
 #1 0x0000000104613584 llvm::sys::RunSignalHandlers() (/Users/raghav/Veridise/LLEQ/build/tools/lleq/lleq+0x10058f584)
 #2 0x000000010461665c SignalHandler(int) (/Users/raghav/Veridise/LLEQ/build/tools/lleq/lleq+0x10059265c)
 #3 0x000000018e127744 (/usr/lib/system/libsystem_platform.dylib+0x1804fb744)
 #4 0x000000018e11d8d"
